id_respondent,score,score_pf,overconfidence,score_scaled,self_eval,self_eval_scaled,county,MSA,grad_yr,year_geneseo,year_upper_lower,major,major_1,dept_major_1,major_2,dept_major_2,minor_1,dept_minor_1,minor_2,dept_minor_2,transfer,prof_program,prof_program_TF,graduate_degree,age_first_job,file_tax,college_fund,parent_job_TF,credit_card,age_18_card,pay_rent,own_house,car_payment,q_IRA,q_stock,q_CDs,q_brockerage,q_bonds,q_options,q_crypto,q_yes,fnce_course_b4,fnce_course_geneseo,q1_inflation,q2_mortgage_int,q3_401k,q4_risk_return,q5_comp_int
1,3,0,-1.33752375,-0.2102929,1,-1.5478167,Onondaga County,Syracuse,2022,Fourth,Upperclassmen,Non-STEM,History,History,Political Science,Political Science and International Relations,Latin American and Caribbean Studies,INTD,NA,NA,0,NA,0,NA,16,Parents,1,0,No,0,On_Campus,0,0,0,0,0,0,0,0,0,0,0,0,1,1,0,1,0
2,5,1,-0.70152824,1.1044519,3,0.4029237,Queens County,New York City Metropolitan Area,2021,Third,Upperclassmen,School of Business,Economics,School of Business,NA,NA,Data Analytics,School of Business,NA,NA,0,NA,0,NA,17,Parents,1,0,Yes,1,No,0,0,0,1,0,0,0,0,0,1,0,0,1,1,1,1,1
3,3,0,0.61321666,-0.2102929,3,0.4029237,Erie County,Buffalo-Niagara Falls,2018,Fourth,Upperclassmen,Non-STEM,History,History,NA,NA,NA,NA,NA,NA,1,NA,0,NA,20,No,0,0,No,0,On_Campus,0,0,0,0,0,0,0,0,0,0,0,0,1,0,0,0,1
4,0,0,1.60996381,-2.1824103,2,-0.5724465,Bronx County,New York City Metropolitan Area,2020,Fourth,Upperclassmen,Non-STEM,Sociomedical Sciences,Sociomedical Sciences,NA,NA,Human Development,INTD,NA,NA,0,Pre-Medicine,1,NA,15,Parents,0,0,Yes,0,Yes,0,0,0,0,0,0,0,0,0,0,0,0,0,0,0,0,0
5,6,1,-0.38353048,1.7618244,4,1.3782939,Wyoming County,Non-MSA,2023,Second,Underclassmen,School of Business,Business Administration,School of Business,NA,NA,Accounting,School of Business,Edgar Fellows (College Honors),INTD,0,NA,0,NA,16,Parents,0,0,Yes,1,On_Campus,0,0,0,0,0,1,0,0,0,1,1,0,1,1,1,1,1
6,2,0,0.29521891,-0.8676654,2,-0.5724465,Cayuga County,Non-MSA,2023,First,Underclassmen,Non-STEM,Psychology,Psychology,NA,NA,NA,NA,NA,NA,0,NA,0,NA,16,Parents,0,0,Yes,1,No,0,0,0,0,0,0,0,0,0,0,0,0,1,0,0,1,0
7,4,1,-1.9948962,0.4470795,1,-1.5478167,Cayuga County,Non-MSA,2023,First,Underclassmen,Education,Early Childhood/Childhood Education,Education,NA,NA,Human Development,INTD,NA,NA,0,NA,0,NA,16,Yes,0,0,No,0,On_Campus,0,0,0,0,0,0,0,0,0,0,0,0,1,1,0,1,1
8,4,1,-1.9948962,0.4470795,1,-1.5478167,Monroe County,Rochester,2021,Third,Upperclassmen,STEM,Biology,Biology,NA,NA,Human Development,INTD,NA,NA,0,NA,0,NA,16,Parents,1,0,Yes,1,No,0,0,0,0,0,0,0,0,0,0,1,0,1,1,0,1,1
9,0,0,0.6345936,-2.1824103,1,-1.5478167,Monroe County,Rochester,2022,Grad,Graduates,Education,Early Childhood/Childhood Education,Education,NA,NA,Human Development,INTD,NA,NA,0,NA,0,Reading and Literacy B-12,16,Parents,1,0,No,0,On_Campus,0,0,0,0,0,0,0,0,0,0,1,0,0,0,0,0,0
10,5,1,0.27384197,1.1044519,4,1.3782939,Onondaga County,Syracuse,2020,Fourth,Upperclassmen,School of Business,Accounting,School of Business,NA,NA,NA,NA,NA,NA,0,NA,0,NA,15,Parents,1,0,No,0,No,0,0,0,0,0,0,0,0,0,0,1,More_than_1,0,1,1,1,1
11,5,1,-1.67689844,1.1044519,2,-0.5724465,Erie County,Buffalo-Niagara Falls,2021,First,Underclassmen,School of Business,Economics,School of Business,International Relations,Political Science and International Relations,NA,NA,NA,NA,0,NA,0,NA,18,Parents,1,0,Yes,1,Yes,0,0,0,1,0,0,0,0,0,1,0,0,1,1,1,1,1
12,4,1,-0.04415579,0.4470795,3,0.4029237,Erie County,Buffalo-Niagara Falls,2020,Fourth,Upperclassmen,STEM,Biology,Biology,NA,NA,Human Development,INTD,NA,NA,0,Pre-Medicine,1,NA,15,No,1,0,Yes,1,Yes,0,0,0,0,0,0,0,0,0,0,0,0,1,1,1,0,1
13,1,0,-0.02277885,-1.5250378,1,-1.5478167,Suffolk County,Nassau-Suffolk,2020,Fourth,Upperclassmen,STEM,Biology,Biology,NA,NA,Human Development,INTD,NA,NA,0,NA,0,NA,15,Parents,1,0,Yes,1,Yes,0,0,0,0,0,0,0,0,0,0,0,0,1,0,0,0,0
14,3,0,-0.36215354,-0.2102929,2,-0.5724465,Monroe County,Rochester,2020,Grad,Graduates,School of Business,Accounting,School of Business,NA,NA,NA,NA,NA,NA,1,NA,0,MS in Accounting,16,Parents,1,0,Yes,1,Yes,0,0,0,0,0,0,0,0,0,0,1,More_than_1,1,1,0,0,1
15,0,0,0.6345936,-2.1824103,1,-1.5478167,Seneca County,Non-MSA,2020,Fourth,Upperclassmen,Education,Childhood Education/Special Education,Education,NA,NA,Urban Studies,INTD,NA,NA,0,NA,0,NA,15,Parents,1,0,Yes,1,No,0,0,0,0,0,0,0,0,0,0,0,0,0,0,0,0,0
16,4,1,-1.9948962,0.4470795,1,-1.5478167,Onondaga County,Syracuse,2023,First,Underclassmen,Non-STEM,Sociomedical Sciences,Sociomedical Sciences,NA,NA,NA,NA,NA,NA,0,NA,0,NA,15,No,1,0,Yes,0,No,0,0,0,0,0,0,0,0,0,0,1,0,1,1,0,1,0
17,3,0,-1.33752375,-0.2102929,1,-1.5478167,Onondaga County,Syracuse,2020,Fourth,Upperclassmen,STEM,Biology,Biology,NA,NA,Human Development,INTD,NA,NA,0,NA,0,NA,16,Parents,0,0,Yes,1,No,0,0,0,0,0,0,0,0,0,0,0,0,0,1,0,1,1
18,4,1,-1.9948962,0.4470795,1,-1.5478167,Monroe County,Rochester,2023,Second,Underclassmen,STEM,Biology,Biology,NA,NA,NA,NA,NA,NA,0,Pre-Medicine,1,NA,15,Parents,1,0,Yes,1,On_Campus,0,0,0,0,0,0,0,0,0,0,0,0,1,0,0,1,1
19,0,0,2.58533401,-2.1824103,3,0.4029237,Onondaga County,Syracuse,2023,First,Underclassmen,Non-STEM,International Relations,Political Science and International Relations,Political Science,Political Science and International Relations,International Relations,Political Science and International Relations,NA,NA,0,NA,0,NA,16,No,1,0,No,0,No,0,0,0,0,0,0,0,0,0,0,1,0,0,0,0,0,0
20,4,1,-1.01952599,0.4470795,2,-0.5724465,Oneida County,Utica-Rome,2023,First,Underclassmen,School of Business,Business Administration,School of Business,NA,NA,NA,NA,NA,NA,0,NA,0,NA,15,No,1,0,Yes,1,On_Campus,0,0,0,0,0,0,0,0,0,0,1,1,1,1,0,0,1
21,0,0,1.60996381,-2.1824103,2,-0.5724465,Madison County,Syracuse,2023,First,Underclassmen,Education,Early Childhood/Childhood Education,Education,NA,NA,Human Development,INTD,NA,NA,0,NA,0,NA,15,No,1,0,No,0,No,0,0,0,0,0,0,0,0,0,0,1,0,0,0,0,0,0
22,0,0,0.6345936,-2.1824103,1,-1.5478167,Niagara County,Buffalo-Niagara Falls,2022,Third,Upperclassmen,Non-STEM,Sociomedical Sciences,Sociomedical Sciences,NA,NA,Business Studies,School of Business,NA,NA,0,NA,0,NA,16,No,1,0,Parents,1,On_Campus,0,0,0,0,0,0,0,0,0,0,0,0,0,0,0,0,0
23,0,0,0.6345936,-2.1824103,1,-1.5478167,Suffolk County,Nassau-Suffolk,2022,Second,Underclassmen,STEM,Geological Sciences,Geology,Adolescence Education: Earth Science and General Science,Education,NA,NA,NA,NA,0,NA,0,NA,15,Parents,0,0,No,0,On_Campus,0,0,0,0,0,0,0,0,0,0,0,0,0,0,0,0,0
24,4,1,0.93121441,0.4470795,4,1.3782939,Suffolk County,Nassau-Suffolk,2020,Fourth,Upperclassmen,Education,English,English,Adolescence Education,Education,NA,NA,NA,NA,0,NA,0,NA,15,Yes,1,0,Yes,1,Yes,0,0,1,0,0,0,0,0,0,1,0,0,1,1,0,1,1
25,1,0,1.92796156,-1.5250378,3,0.4029237,Onondaga County,Syracuse,2021,Third,Upperclassmen,STEM,Biology,Biology,NA,NA,Human Development,INTD,NA,NA,0,NA,0,NA,16,Parents,0,0,No,0,Yes,0,0,0,0,0,0,0,0,0,0,0,0,1,0,0,0,0
26,3,0,-0.36215354,-0.2102929,2,-0.5724465,Albany County,Albany-Schenectady-Troy,2023,Second,Underclassmen,Education,Childhood Education/Special Education,Education,NA,NA,Urban Studies,INTD,NA,NA,0,NA,0,NA,15,Parents,0,0,No,0,On_Campus,0,0,0,0,0,0,0,0,0,0,0,0,1,1,0,0,0
27,2,0,-0.6801513,-0.8676654,1,-1.5478167,Suffolk County,Nassau-Suffolk,2021,Third,Upperclassmen,Non-STEM,English,English,NA,NA,Creative Writing,English,NA,NA,0,NA,0,NA,15,NA,0,0,No,0,Yes,0,0,0,0,0,0,0,0,0,0,1,0,0,1,0,0,1
28,2,0,1.27058911,-0.8676654,3,0.4029237,Monroe County,Rochester,2021,Third,Upperclassmen,Non-STEM,Psychology,Psychology,NA,NA,Edgar Fellows (College Honors),INTD,NA,NA,0,NA,0,NA,19,Parents,0,0,Yes,1,Yes,0,0,0,0,0,0,0,0,0,0,1,0,0,1,0,0,0
29,4,1,-0.04415579,0.4470795,3,0.4029237,Suffolk County,Nassau-Suffolk,2020,Fourth,Upperclassmen,Non-STEM,Sociomedical Sciences,Sociomedical Sciences,NA,NA,NA,NA,NA,NA,0,Pre-Medicine,1,NA,15,Parents,1,0,Yes,0,Yes,0,0,0,0,0,0,0,0,0,0,0,0,1,1,0,1,1
30,0,0,1.60996381,-2.1824103,2,-0.5724465,Oneida County,Utica-Rome,2019,Fourth,Upperclassmen,Non-STEM,Music,Music,NA,NA,Music Teaching,Music,K-12,NA,1,NA,0,NA,NA,NA,NA,0,Yes,1,No,0,0,0,0,0,0,0,0,0,NA,0,0,0,0,0,0,0
31,5,1,0.27384197,1.1044519,4,1.3782939,Monroe County,Rochester,2021,Third,Upperclassmen,STEM,Mathematics,Mathematics,Physics,Physics,NA,NA,NA,NA,0,NA,0,NA,16,No,0,0,Yes,1,No,0,0,0,1,0,0,1,0,0,1,0,0,1,1,1,1,1
32,2,0,1.27058911,-0.8676654,3,0.4029237,Suffolk County,Nassau-Suffolk,2021,Second,Underclassmen,STEM,Chemistry,Chemistry,NA,NA,NA,NA,NA,NA,0,NA,0,NA,15,Parents,1,0,No,0,Yes,0,0,0,0,0,0,0,0,0,0,0,0,1,0,0,0,1
33,3,0,-0.36215354,-0.2102929,2,-0.5724465,Queens County,New York City Metropolitan Area,2022,Second,Underclassmen,Non-STEM,Philosophy,Philosophy,Political Science,Political Science and International Relations,Legal Studies,INTD,NA,NA,0,Pre-Law,1,NA,16,Parents,0,0,No,0,On_Campus,0,0,0,0,0,0,0,0,0,0,0,0,1,1,0,0,1
34,5,1,-0.70152824,1.1044519,3,0.4029237,Nassau County,Nassau-Suffolk,2023,First,Underclassmen,STEM,Biology,Biology,NA,NA,NA,NA,NA,NA,0,Pre-Medicine,1,NA,NA,No,0,0,No,0,On_Campus,0,0,0,0,0,0,0,0,0,0,0,0,1,1,0,1,1
35,1,0,1.92796156,-1.5250378,3,0.4029237,Chautauqua County,Non-MSA,2022,Second,Underclassmen,STEM,Biology,Biology,NA,NA,Linguistics,INTD,NA,NA,0,NA,0,NA,17,Parents,0,0,No,0,On_Campus,0,0,0,0,0,0,0,0,0,0,1,0,1,0,0,0,0
36,4,1,-1.01952599,0.4470795,2,-0.5724465,Monroe County,Rochester,2021,Third,Upperclassmen,Non-STEM,Psychology,Psychology,NA,NA,NA,NA,NA,NA,0,NA,0,NA,15,Parents,0,0,Yes,1,Yes,0,1,0,0,0,0,0,0,0,0,1,0,1,1,0,1,1
37,5,1,-0.70152824,1.1044519,3,0.4029237,Otsego County,Non-MSA,2023,First,Underclassmen,Education,Early Childhood/Childhood Education,Education,NA,NA,NA,NA,NA,NA,0,NA,0,NA,16,Parents,0,0,Yes,1,On_Campus,0,0,0,1,0,1,0,0,0,1,0,0,1,1,0,1,1
38,5,1,-0.70152824,1.1044519,3,0.4029237,Nassau County,Nassau-Suffolk,2021,Third,Upperclassmen,STEM,Mathematics,Mathematics,Adolescence Education: Mathematics,Education,Edgar Fellows (College Honors),INTD,NA,NA,0,NA,0,NA,17,Parents,1,0,Yes,1,On_Campus,0,0,0,0,0,0,0,0,0,0,0,0,1,1,1,1,1
39,2,0,1.27058911,-0.8676654,3,0.4029237,Nassau County,Nassau-Suffolk,2022,NA,NA,Non-STEM,English,English,NA,NA,Edgar Fellows (College Honors),INTD,Spanish,Global Languages and Cultures,0,NA,0,NA,18,Parents,1,NA,Yes,1,On_Campus,0,0,0,0,0,0,0,0,0,NA,0,0,0,1,0,1,0
40,0,0,1.60996381,-2.1824103,2,-0.5724465,Suffolk County,Nassau-Suffolk,2023,First,Underclassmen,School of Business,Finance,School of Business,NA,NA,Business Studies,School of Business,NA,NA,0,NA,0,NA,17,NA,NA,0,NA,0,On_Campus,0,NA,0,0,0,0,0,0,0,1,0,1,0,0,0,0,0
41,5,1,-0.70152824,1.1044519,3,0.4029237,Monroe County,Rochester,2023,Second,Underclassmen,School of Business,Accounting,School of Business,NA,NA,NA,NA,NA,NA,0,Pre-Law,1,NA,16,No,0,0,No,0,On_Campus,0,0,0,0,1,0,0,0,0,1,1,0,1,1,1,1,1
42,3,0,-1.33752375,-0.2102929,1,-1.5478167,Westchester County,Orange-Rockland-Westchester,2023,Second,Underclassmen,STEM,Mathematics,Mathematics,Adolescence Education: Mathematics,Education,NA,NA,NA,NA,0,NA,0,NA,15,Parents,0,0,No,0,On_Campus,0,0,0,0,0,0,0,0,0,0,0,0,1,1,0,0,1
43,4,1,-0.04415579,0.4470795,3,0.4029237,Erie County,Buffalo-Niagara Falls,2023,Second,Underclassmen,Non-STEM,Musical Theatre,Musical Theatre,NA,NA,NA,NA,NA,NA,0,NA,0,NA,15,No,0,0,No,0,On_Campus,0,1,0,0,0,0,0,0,0,0,1,0,1,1,0,1,1
44,5,1,0.27384197,1.1044519,4,1.3782939,Ontario County,Rochester,2022,Third,Upperclassmen,Non-STEM,Psychology,Psychology,Sociology,Sociology,NA,NA,NA,NA,0,NA,0,NA,16,Yes,1,0,No,0,Yes,0,0,0,0,0,0,0,0,0,0,0,0,1,1,1,1,1
45,5,1,-1.67689844,1.1044519,2,-0.5724465,Steuben County,Non-MSA,2020,Fourth,Upperclassmen,Education,Spanish,Global Languages and Cultures,Adolescence Education: Spanish,Education,NA,NA,NA,NA,1,NA,0,NA,16,No,0,0,No,0,Yes,0,0,0,0,0,0,0,0,0,0,0,0,1,1,1,1,1
46,4,1,-1.01952599,0.4470795,2,-0.5724465,Saratoga County,Albany-Schenectady-Troy,2020,Fourth,Upperclassmen,Education,Childhood Education/Special Education,Education,NA,NA,Spanish,Global Languages and Cultures,NA,NA,0,NA,0,NA,16,No,1,0,Yes,1,No,0,1,0,0,0,0,0,0,0,0,1,0,1,1,0,1,1
47,3,0,-0.36215354,-0.2102929,2,-0.5724465,Livingston County,Rochester,2022,Second,Underclassmen,Education,Early Childhood/Childhood Education,Education,NA,NA,NA,NA,NA,NA,0,NA,0,NA,19,No,0,0,No,0,No,0,0,0,0,0,0,0,0,0,0,1,0,1,1,0,0,1
48,1,0,0.95259136,-1.5250378,2,-0.5724465,Sullivan County,Non-MSA,2022,Third,Upperclassmen,Non-STEM,Communication,Communication,English,English,NA,NA,NA,NA,0,NA,0,NA,15,Parents,1,0,Yes,0,On_Campus,0,0,1,0,0,0,0,0,0,1,0,0,1,0,0,0,0
49,4,1,-0.04415579,0.4470795,3,0.4029237,Ontario County,Rochester,2022,Third,Upperclassmen,School of Business,Accounting,School of Business,NA,NA,NA,NA,NA,NA,0,NA,0,NA,16,Parents,1,0,Yes,0,No,0,0,1,1,0,0,0,0,0,1,1,1,0,1,1,1,1
50,5,1,-0.70152824,1.1044519,3,0.4029237,Suffolk County,Nassau-Suffolk,2020,Fourth,Upperclassmen,Education,Childhood Education/Special Education,Education,NA,NA,English,English,NA,NA,0,NA,0,NA,16,Parents,0,0,Yes,1,On_Campus,0,0,0,0,0,0,0,0,0,0,1,0,1,1,1,0,1
51,2,0,-0.6801513,-0.8676654,1,-1.5478167,Wayne County,Rochester,2023,Third,Upperclassmen,STEM,Biology,Biology,NA,NA,Linguistics,INTD,NA,NA,0,Pre-Veterinary Medicine,1,NA,15,Parents,NA,0,Yes,1,On_Campus,0,0,0,1,1,0,0,0,0,1,0,0,1,0,0,0,1
52,4,1,-1.01952599,0.4470795,2,-0.5724465,Erie County,Buffalo-Niagara Falls,2022,Second,Underclassmen,Non-STEM,Communication,Communication,Sociomedical Sciences,Sociomedical Sciences,NA,NA,NA,NA,0,NA,0,NA,16,No,0,0,Yes,1,No,0,1,0,0,0,0,0,0,0,0,0,0,0,1,1,1,1
53,4,1,0.93121441,0.4470795,4,1.3782939,Monroe County,Rochester,2022,Second,Underclassmen,School of Business,Finance,School of Business,NA,NA,NA,NA,NA,NA,0,NA,0,NA,15,No,1,0,Yes,0,No,0,0,0,1,0,1,0,1,0,1,1,1,1,1,0,0,1
54,2,0,1.27058911,-0.8676654,3,0.4029237,Tioga County,Binghamton,2023,NA,NA,Non-STEM,English,English,Political Science,Political Science and International Relations,NA,NA,NA,NA,0,NA,0,NA,16,No,1,0,No,0,On_Campus,0,0,0,0,0,0,0,0,0,0,1,0,1,1,0,0,0
55,2,0,1.27058911,-0.8676654,3,0.4029237,Monroe County,Rochester,2023,Second,Underclassmen,Education,English,English,Adolescence Education,Education,NA,NA,NA,NA,0,NA,0,NA,15,Yes,0,0,Yes,1,No,0,0,0,0,0,0,0,0,0,0,1,0,0,1,0,0,1
56,5,1,0.27384197,1.1044519,4,1.3782939,Erie County,Buffalo-Niagara Falls,2022,Second,Underclassmen,STEM,Chemistry,Chemistry,Adolescence Education: Chemistry and Gen Science,Education,Edgar Fellows (College Honors),INTD,NA,NA,0,NA,0,NA,15,Yes,0,0,Yes,0,On_Campus,0,1,0,1,1,0,0,0,0,1,0,0,1,1,1,1,1
57,5,1,-1.67689844,1.1044519,2,-0.5724465,Nassau County,Nassau-Suffolk,2022,Second,Underclassmen,Non-STEM,Sociomedical Sciences,Sociomedical Sciences,NA,NA,NA,NA,NA,NA,0,Pre-Medicine,1,NA,17,Parents,0,0,Yes,1,On_Campus,0,0,0,0,1,0,0,0,0,1,0,0,1,1,0,1,1
58,4,1,-1.01952599,0.4470795,2,-0.5724465,I did not graduate from a high school in NY,Outside NY,2018,Third,Upperclassmen,STEM,Biology,Biology,NA,NA,Edgar Fellows (College Honors),INTD,Women and Gender Studies,INTD,0,NA,0,NA,16,Parents,NA,0,No,0,On_Campus,0,0,0,0,0,0,0,0,0,0,1,0,1,1,0,0,1
59,2,0,0.29521891,-0.8676654,2,-0.5724465,Schenectady County,Albany-Schenectady-Troy,2023,Grad,Graduates,Education,French,Global Languages and Cultures,Adolescence Education,Education,Linguistics,INTD,History,History,0,NA,0,Adolescence Education 7-12,16,Yes,1,0,No,0,On_Campus,0,1,0,0,0,0,0,0,0,0,0,0,1,0,0,0,1
60,2,0,1.27058911,-0.8676654,3,0.4029237,Westchester County,Orange-Rockland-Westchester,2023,First,Underclassmen,Non-STEM,Psychology,Psychology,NA,NA,Human Development,INTD,NA,NA,0,NA,0,NA,15,Parents,0,0,Yes,1,On_Campus,0,0,0,0,0,0,0,0,0,0,0,0,1,0,0,0,1
61,6,1,-2.33427089,1.7618244,2,-0.5724465,Orange County,Orange-Rockland-Westchester,2023,First,Underclassmen,STEM,Chemistry,Chemistry,NA,NA,NA,NA,NA,NA,0,NA,0,NA,18,No,0,0,No,0,On_Campus,0,0,0,0,0,0,0,0,0,0,1,1,1,1,1,1,1
62,2,0,-0.6801513,-0.8676654,1,-1.5478167,Bronx County,New York City Metropolitan Area,2021,Third,Upperclassmen,STEM,Neuroscience,Neuroscience,NA,NA,NA,NA,NA,NA,0,NA,0,NA,15,No,0,0,No,0,On_Campus,0,0,0,0,0,0,0,0,0,0,0,0,1,0,0,0,1
63,3,0,0.61321666,-0.2102929,3,0.4029237,Onondaga County,Syracuse,2023,NA,NA,Education,English,English,Adolescence Education,Education,Music,Music,NA,NA,0,NA,0,NA,15,Parents,NA,0,Yes,1,On_Campus,0,1,0,0,0,0,0,0,0,0,1,0,0,1,0,1,1
64,5,1,0.27384197,1.1044519,4,1.3782939,Ontario County,Rochester,2023,First,Underclassmen,STEM,Biochemistry,Biology,Finance,School of Business,NA,NA,NA,NA,0,Pre-Medicine,1,NA,15,Parents,1,0,Yes,1,No,0,0,1,1,0,1,0,0,0,1,0,1,1,1,1,0,1
65,6,1,-1.35890069,1.7618244,3,0.4029237,Steuben County,Non-MSA,2023,NA,NA,STEM,Physics,Physics,NA,NA,NA,NA,NA,NA,0,NA,0,NA,16,Yes,0,0,Yes,1,On_Campus,0,0,0,0,1,0,0,0,0,1,0,0,1,1,1,1,1
66,1,0,1.92796156,-1.5250378,3,0.4029237,Erie County,Buffalo-Niagara Falls,2023,First,Underclassmen,Education,Childhood Education/Special Education,Education,NA,NA,NA,NA,NA,NA,0,NA,0,NA,15,Parents,0,0,No,0,No,0,1,0,0,0,0,0,0,0,0,1,0,1,0,0,0,0
67,3,0,-1.33752375,-0.2102929,1,-1.5478167,Chenango County,Non-MSA,2023,Third,Upperclassmen,STEM,Biochemistry,Biology,NA,NA,NA,NA,NA,NA,0,NA,0,NA,18,No,0,0,No,0,On_Campus,0,0,0,0,0,0,0,0,0,0,1,0,1,1,0,1,0
68,3,0,0.61321666,-0.2102929,3,0.4029237,New York County (Manhattan),New York City Metropolitan Area,2020,Fourth,Upperclassmen,Education,Early Childhood/Childhood Education,Education,NA,NA,Human Development,INTD,NA,NA,0,NA,0,NA,19,Parents,0,0,Yes,1,On_Campus,0,0,0,0,0,0,0,0,0,0,0,0,0,0,0,1,1
69,3,0,-0.36215354,-0.2102929,2,-0.5724465,Onondaga County,Syracuse,2020,Third,Upperclassmen,School of Business,Business Administration,School of Business,NA,NA,Public Administration,INTD,NA,NA,0,NA,0,NA,16,Parents,1,0,Yes,1,Yes,0,0,0,0,0,0,0,0,0,0,0,1,1,0,0,1,1
70,4,1,-1.01952599,0.4470795,2,-0.5724465,Wayne County,Rochester,2020,Fourth,Upperclassmen,Non-STEM,English,English,NA,NA,NA,NA,NA,NA,0,NA,0,NA,18,Parents,0,0,No,0,On_Campus,0,0,0,0,0,0,0,0,0,0,1,0,1,1,0,0,1
71,1,0,1.92796156,-1.5250378,3,0.4029237,Lewis County,Non-MSA,2022,Second,Underclassmen,Education,Early Childhood/Childhood Education,Education,NA,NA,Human Development,INTD,NA,NA,0,NA,0,NA,18,Parents,1,0,Parents,0,On_Campus,0,0,0,0,0,0,0,0,0,0,0,0,0,0,0,1,0
72,4,1,-1.01952599,0.4470795,2,-0.5724465,Schenectady County,Albany-Schenectady-Troy,2020,Fourth,Upperclassmen,School of Business,Economics,School of Business,NA,NA,Business Studies,School of Business,NA,NA,0,NA,0,NA,15,No,1,0,Yes,1,Yes,0,0,0,0,0,0,0,0,0,0,0,0,0,1,1,1,1
73,3,0,0.61321666,-0.2102929,3,0.4029237,Onondaga County,Syracuse,2021,Third,Upperclassmen,Non-STEM,Psychology,Psychology,NA,NA,NA,NA,NA,NA,1,NA,0,NA,16,Yes,0,1,Yes,1,On_Campus,0,0,1,0,0,0,0,0,0,1,1,0,1,1,0,1,0
74,5,1,-0.70152824,1.1044519,3,0.4029237,Suffolk County,Nassau-Suffolk,2021,Fourth,Upperclassmen,School of Business,Finance,School of Business,NA,NA,Accounting,School of Business,NA,NA,0,NA,0,NA,15,Yes,0,0,Yes,1,Yes,0,1,0,0,0,0,0,0,0,0,0,More_than_1,0,1,1,1,1
75,5,1,-1.67689844,1.1044519,2,-0.5724465,Erie County,Buffalo-Niagara Falls,2021,Fourth,Upperclassmen,STEM,Mathematics,Mathematics,NA,NA,Edgar Fellows (College Honors),INTD,Musical Theatre,Musical Theatre,0,NA,0,NA,19,Parents,1,0,No,0,On_Campus,0,0,1,0,0,0,0,0,0,1,1,0,0,1,1,1,1
76,2,0,0.29521891,-0.8676654,2,-0.5724465,Kings County (Brooklyn),New York City Metropolitan Area,2020,Fourth,Upperclassmen,School of Business,Business Administration,School of Business,NA,NA,Marketing,School of Business,NA,NA,0,NA,0,NA,15,No,NA,1,Yes,1,Yes,0,0,0,0,0,0,0,0,0,0,0,1,1,1,0,0,0
77,5,1,-0.70152824,1.1044519,3,0.4029237,Livingston County,Rochester,2021,Fourth,Upperclassmen,STEM,Biology,Biology,NA,NA,Geology,Geology,NA,NA,0,NA,0,NA,15,No,1,0,Yes,0,No,0,0,0,0,0,0,0,0,0,0,0,0,1,1,1,1,1
78,4,1,0.93121441,0.4470795,4,1.3782939,Onondaga County,Syracuse,2020,Fourth,Upperclassmen,School of Business,Business Administration,School of Business,NA,NA,Conflict Studies,INTD,Economics,School of Business,0,NA,0,NA,15,Parents,0,0,Yes,0,Yes,0,0,0,0,0,0,0,0,0,0,0,1,1,1,0,1,1
79,2,0,0.29521891,-0.8676654,2,-0.5724465,New York County (Manhattan),New York City Metropolitan Area,2019,Third,Upperclassmen,Non-STEM,Psychology,Psychology,NA,NA,NA,NA,NA,NA,1,NA,0,NA,20,No,0,0,No,0,No,0,0,0,0,0,0,0,0,0,0,1,0,0,1,0,0,1
80,5,1,-0.70152824,1.1044519,3,0.4029237,Schenectady County,Albany-Schenectady-Troy,2021,Fourth,Upperclassmen,Education,Childhood Education/Special Education,Education,NA,NA,Dance Studies,INTD,NA,NA,0,NA,0,NA,15,Parents,1,0,Yes,1,Yes,0,0,1,0,0,0,0,0,0,1,0,0,1,1,1,1,1
81,4,1,-1.01952599,0.4470795,2,-0.5724465,Monroe County,Rochester,2023,Second,Underclassmen,STEM,Mathematics,Mathematics,Physics,Physics,Edgar Fellows (College Honors),INTD,NA,NA,0,NA,0,NA,18,No,1,0,No,0,On_Campus,0,0,0,0,0,0,0,0,0,0,0,0,1,1,1,0,1
82,4,1,-1.01952599,0.4470795,2,-0.5724465,Onondaga County,Syracuse,2023,Second,Underclassmen,STEM,Biochemistry,Biology,NA,NA,NA,NA,NA,NA,0,NA,0,NA,16,Parents,0,0,No,0,No,0,0,0,0,0,0,0,0,0,0,0,0,1,1,1,0,1
83,2,0,-0.6801513,-0.8676654,1,-1.5478167,Saint Lawrence County,Non-MSA,2022,Third,Upperclassmen,Education,English,English,Adolescence Education,Education,Communications Minor & creative writing concentration,Communication,NA,NA,0,NA,0,NA,16,Parents,0,0,No,0,On_Campus,0,1,0,0,0,0,0,0,0,0,0,0,0,1,0,1,0
84,0,0,1.60996381,-2.1824103,2,-0.5724465,Albany County,Albany-Schenectady-Troy,2020,Fourth,Upperclassmen,Education,History,History,Adolescence Education: Social Studies,Education,NA,NA,NA,NA,0,NA,0,NA,16,No,1,0,Yes,1,No,0,0,0,0,0,0,0,0,0,0,0,0,0,0,0,0,0
85,3,0,1.58858686,-0.2102929,4,1.3782939,Niagara County,Buffalo-Niagara Falls,2023,First,Underclassmen,STEM,Biology,Biology,NA,NA,NA,NA,NA,NA,0,Pre-Veterinary Medicine,1,NA,16,Yes,1,0,No,0,On_Campus,0,0,0,1,0,0,1,0,0,1,1,0,1,1,0,0,1
86,4,1,0.93121441,0.4470795,4,1.3782939,Onondaga County,Syracuse,2023,First,Underclassmen,STEM,Biology,Biology,NA,NA,NA,NA,NA,NA,0,Pre-Medicine,1,NA,17,No,1,0,No,0,On_Campus,0,0,0,0,0,0,0,0,0,0,1,0,0,1,0,1,1
87,4,1,-1.01952599,0.4470795,2,-0.5724465,Monroe County,Rochester,2020,Fourth,Upperclassmen,Non-STEM,History,History,NA,NA,NA,NA,NA,NA,0,NA,0,NA,16,Parents,0,0,Yes,1,Yes,0,0,0,0,0,0,0,0,0,0,0,0,1,0,1,1,1
88,2,0,-0.6801513,-0.8676654,1,-1.5478167,Genesee County,Non-MSA,2023,Second,Underclassmen,Education,Childhood Education/Special Education,Education,NA,NA,NA,NA,NA,NA,0,NA,0,NA,15,Parents,1,0,Yes,1,On_Campus,0,0,0,0,0,0,0,0,0,0,0,0,1,1,0,0,0
89,5,1,0.27384197,1.1044519,4,1.3782939,Erie County,Buffalo-Niagara Falls,2021,Third,Upperclassmen,School of Business,Accounting,School of Business,NA,NA,NA,NA,NA,NA,0,NA,0,NA,17,No,1,0,Yes,1,No,0,0,0,0,0,0,0,0,0,0,1,More_than_1,1,1,1,1,1
90,4,1,-1.01952599,0.4470795,2,-0.5724465,Suffolk County,Nassau-Suffolk,2020,Fourth,Upperclassmen,STEM,Mathematics,Mathematics,Adolescence Education: Mathematics,Education,NA,NA,NA,NA,0,NA,0,NA,16,Parents,0,0,Yes,1,Yes,0,0,0,0,0,0,0,0,0,0,0,0,1,1,0,1,1
91,2,0,0.29521891,-0.8676654,2,-0.5724465,Suffolk County,Nassau-Suffolk,2020,Fourth,Upperclassmen,STEM,Mathematics,Mathematics,Adolescence Education: Mathematics,Education,Human Development,INTD,NA,NA,0,NA,0,NA,15,Parents,1,0,Yes,1,Yes,0,1,0,0,0,0,0,0,0,0,0,0,1,1,0,0,0
92,1,0,2.90333176,-1.5250378,4,1.3782939,I did not graduate from a high school in NY,Outside NY,2023,First,Underclassmen,Education,Early Childhood/Childhood Education,Education,NA,NA,NA,NA,NA,NA,0,NA,0,NA,16,Yes,1,1,No,0,On_Campus,0,0,1,0,0,0,0,0,0,1,1,0,0,0,0,0,1
93,2,0,2.24595931,-0.8676654,4,1.3782939,Oneida County,Utica-Rome,2023,Second,Underclassmen,Non-STEM,Psychology,Psychology,NA,NA,NA,NA,NA,NA,0,Pre-Medicine,1,NA,15,Parents,0,0,No,0,On_Campus,0,1,1,0,1,1,0,0,0,1,1,0,0,0,0,0,1
94,2,0,0.29521891,-0.8676654,2,-0.5724465,Erie County,Buffalo-Niagara Falls,2021,Fourth,Upperclassmen,STEM,Neuroscience,Neuroscience,NA,NA,biology,Biology,NA,NA,0,Pre-Medicine,1,NA,16,Parents,0,0,No,0,Yes,0,1,0,0,0,0,0,0,0,0,0,0,0,0,0,1,1
95,4,1,-0.04415579,0.4470795,3,0.4029237,Livingston County,Rochester,2022,Third,Upperclassmen,School of Business,Business Administration,School of Business,NA,NA,NA,NA,NA,NA,0,NA,0,NA,15,Yes,0,0,Yes,1,On_Campus,0,0,0,0,0,0,0,0,0,0,0,More_than_1,1,1,0,1,1
96,3,0,-1.33752375,-0.2102929,1,-1.5478167,Monroe County,Rochester,2023,First,Underclassmen,Non-STEM,English,English,NA,NA,Art history,Art History,NA,NA,0,NA,0,NA,15,No,1,0,Yes,0,On_Campus,0,0,0,0,0,0,0,0,0,0,0,0,0,1,0,1,1
97,6,1,-0.38353048,1.7618244,4,1.3782939,Schenectady County,Albany-Schenectady-Troy,2020,Fourth,Upperclassmen,School of Business,Finance,School of Business,NA,NA,NA,NA,NA,NA,0,NA,0,NA,17,Parents,1,0,Yes,1,Yes,0,0,0,1,0,1,1,1,1,1,0,More_than_1,1,1,1,1,1
98,4,1,0.93121441,0.4470795,4,1.3782939,Monroe County,Rochester,2023,Second,Underclassmen,STEM,Biology,Biology,NA,NA,NA,NA,NA,NA,0,Pre-Medicine,1,NA,NA,No,0,0,Yes,1,No,0,0,0,1,0,1,0,0,1,1,1,0,1,0,1,1,1
99,4,1,-1.01952599,0.4470795,2,-0.5724465,Oneida County,Utica-Rome,2023,Second,Underclassmen,STEM,Sustainability Studies,Geography and Sustainability Studies,NA,NA,NA,NA,NA,NA,0,NA,0,NA,16,Parents,1,1,Parents,0,On_Campus,0,0,0,0,0,0,0,0,0,0,0,0,1,1,0,1,0
100,5,1,-0.70152824,1.1044519,3,0.4029237,Genesee County,Non-MSA,2021,Third,Upperclassmen,School of Business,Data Analytics,School of Business,NA,NA,Math,Mathematics,NA,NA,1,NA,0,NA,18,Yes,1,0,Yes,1,Yes,0,0,0,0,1,0,0,0,0,1,1,1,1,1,1,0,1
101,5,1,-0.70152824,1.1044519,3,0.4029237,Erie County,Buffalo-Niagara Falls,2023,First,Underclassmen,STEM,Geological Sciences,Geology,NA,NA,Environmental Studies,INTD,NA,NA,0,NA,0,NA,16,Parents,0,0,Yes,0,On_Campus,0,0,0,0,0,0,0,0,0,0,1,0,1,1,1,1,1
102,6,1,-3.30964109,1.7618244,1,-1.5478167,Erie County,Buffalo-Niagara Falls,2022,First,Underclassmen,Non-STEM,Philosophy,Philosophy,NA,NA,Edgar Fellows (College Honors),INTD,Applied conflict management,Political Science,0,NA,0,NA,16,Yes,0,0,No,0,No,0,0,0,0,0,0,0,0,0,0,1,0,1,1,1,1,1
103,4,1,-1.9948962,0.4470795,1,-1.5478167,Rensselaer County,Albany-Schenectady-Troy,2022,Third,Upperclassmen,Non-STEM,English,English,Psychology,Psychology,Edgar Fellows (College Honors),INTD,Anthropology,Anthropology,0,NA,0,NA,18,Yes,1,0,No,0,On_Campus,0,0,0,0,0,0,0,0,0,0,0,0,1,1,0,1,1
104,3,0,0.61321666,-0.2102929,3,0.4029237,Tioga County,Binghamton,2021,Fourth,Upperclassmen,School of Business,Business Administration,School of Business,NA,NA,Human Resource Management,INTD,NA,NA,0,NA,0,NA,15,Parents,0,0,Yes,1,Yes,0,0,0,0,0,0,0,0,0,0,0,1,1,1,0,0,1
105,3,0,-0.36215354,-0.2102929,2,-0.5724465,I did not graduate from a high school in NY,Outside NY,2021,Second,Underclassmen,Non-STEM,Sociomedical Sciences,Sociomedical Sciences,NA,NA,NA,NA,NA,NA,1,NA,0,NA,18,Parents,0,0,Yes,1,No,0,0,0,0,0,0,0,0,0,0,0,0,1,1,0,1,0
106,2,0,0.29521891,-0.8676654,2,-0.5724465,New York County (Manhattan),New York City Metropolitan Area,2020,Fourth,Upperclassmen,Non-STEM,Sociomedical Sciences,Sociomedical Sciences,NA,NA,Biology,Biology,NA,NA,0,NA,0,NA,16,Parents,0,0,Yes,1,Yes,0,0,0,0,0,0,0,0,0,0,0,0,1,0,0,1,0
107,3,0,0.61321666,-0.2102929,3,0.4029237,Livingston County,Rochester,2021,Fourth,Upperclassmen,Non-STEM,English,English,NA,NA,NA,NA,NA,NA,0,NA,0,NA,16,Parents,1,0,Yes,1,Yes,0,0,0,0,0,0,0,0,0,0,1,0,1,1,0,0,0
108,2,0,0.29521891,-0.8676654,2,-0.5724465,Livingston County,Rochester,2021,Third,Upperclassmen,Non-STEM,Spanish,Global Languages and Cultures,NA,NA,Linguistics,INTD,NA,NA,0,NA,0,NA,17,Parents,0,0,No,0,On_Campus,0,0,0,0,0,0,0,0,0,0,1,0,0,1,0,0,1
109,0,0,1.60996381,-2.1824103,2,-0.5724465,Cattaraugus County,Non-MSA,2021,Fourth,Upperclassmen,STEM,Political Science,Political Science and International Relations,Sustainability Studies,Geography and Sustainability Studies,NA,NA,NA,NA,0,NA,0,NA,16,Parents,0,0,No,0,Yes,0,0,0,0,0,0,0,0,0,0,1,0,0,0,0,0,0
110,5,1,-0.70152824,1.1044519,3,0.4029237,Albany County,Albany-Schenectady-Troy,2019,Fourth,Upperclassmen,STEM,Accounting,School of Business,Mathematics,Mathematics,NA,NA,NA,NA,1,NA,0,NA,18,Yes,0,0,Yes,1,Yes,0,0,0,0,0,0,0,0,0,0,0,More_than_1,1,1,1,1,1
111,3,0,0.61321666,-0.2102929,3,0.4029237,Nassau County,Nassau-Suffolk,2023,Third,Upperclassmen,Non-STEM,Sociomedical Sciences,Sociomedical Sciences,NA,NA,Women and Gender Studies,INTD,NA,NA,0,Pre-Medicine,1,NA,15,Yes,1,0,No,0,On_Campus,0,0,0,0,0,0,0,0,0,0,0,0,0,1,1,0,1
112,2,0,-0.6801513,-0.8676654,1,-1.5478167,Bronx County,New York City Metropolitan Area,2023,Third,Upperclassmen,STEM,Sustainability Studies,Geography and Sustainability Studies,NA,NA,Edgar Fellows (College Honors),INTD,NA,NA,0,NA,0,NA,16,No,1,0,No,0,On_Campus,0,0,0,0,0,1,0,0,0,1,0,0,1,0,0,1,0
113,3,0,2.56395707,-0.2102929,5,2.3536641,Monroe County,Rochester,2021,Third,Upperclassmen,STEM,Mathematics,Mathematics,NA,NA,Data Analytics,School of Business,NA,NA,0,NA,0,NA,16,Yes,1,0,Yes,0,Yes,0,1,1,1,0,0,0,0,0,1,0,0,1,0,1,0,1
114,4,1,-1.01952599,0.4470795,2,-0.5724465,Monroe County,Rochester,2023,First,Underclassmen,STEM,Mathematics,Mathematics,NA,NA,NA,NA,NA,NA,0,NA,0,NA,16,Parents,1,0,Yes,1,On_Campus,0,0,0,0,0,0,0,0,0,0,1,1,0,1,0,1,1
115,2,0,2.24595931,-0.8676654,4,1.3782939,Saratoga County,Albany-Schenectady-Troy,2021,Third,Upperclassmen,Non-STEM,Psychology,Psychology,NA,NA,Women and Gender Studies,INTD,Sociology,Sociology,0,NA,0,NA,15,Parents,0,0,No,0,Yes,0,0,0,0,0,0,0,0,0,0,1,0,1,1,0,0,0
116,3,0,-1.33752375,-0.2102929,1,-1.5478167,Suffolk County,Nassau-Suffolk,2023,First,Underclassmen,Non-STEM,Art History,Art History,NA,NA,NA,NA,NA,NA,0,NA,0,NA,17,No,1,0,No,0,On_Campus,0,0,0,0,0,0,0,0,0,0,0,0,1,1,0,0,1
117,4,1,-1.01952599,0.4470795,2,-0.5724465,Onondaga County,Syracuse,2023,Second,Underclassmen,STEM,Biology,Biology,NA,NA,NA,NA,NA,NA,0,NA,0,NA,17,No,1,0,No,0,No,0,0,0,0,0,0,0,0,0,0,0,0,1,1,0,1,1
118,3,0,1.58858686,-0.2102929,4,1.3782939,New York County (Manhattan),New York City Metropolitan Area,2021,Fourth,Upperclassmen,Non-STEM,Psychology,Psychology,NA,NA,Human Development,INTD,Sociology,Sociology,0,NA,0,NA,15,No,0,0,No,0,On_Campus,0,0,0,0,0,0,0,0,0,0,0,0,0,1,0,0,1
119,0,0,1.60996381,-2.1824103,2,-0.5724465,Orange County,Orange-Rockland-Westchester,2021,Third,Upperclassmen,Non-STEM,Communication,Communication,NA,NA,NA,NA,NA,NA,0,NA,0,NA,15,Parents,1,0,Parents,1,Yes,0,0,0,0,0,0,0,0,0,0,0,0,0,0,0,0,0
120,4,1,-0.04415579,0.4470795,3,0.4029237,Wayne County,Rochester,2018,Fourth,Upperclassmen,Education,Early Childhood/Childhood Education,Education,NA,NA,Human Development,INTD,NA,NA,1,NA,0,NA,15,Yes,0,0,Yes,1,No,0,1,0,0,0,0,0,0,0,0,1,0,1,1,1,0,1
121,3,0,1.58858686,-0.2102929,4,1.3782939,Monroe County,Rochester,2019,Grad,Graduates,Non-STEM,Sociology,Sociology,NA,NA,NA,NA,NA,NA,0,NA,0,NA,15,Yes,1,0,Yes,1,Yes,0,1,0,0,0,1,0,0,1,1,0,0,0,1,0,0,1
122,4,1,0.93121441,0.4470795,4,1.3782939,Nassau County,Nassau-Suffolk,2022,Second,Underclassmen,STEM,Biology,Biology,NA,NA,NA,NA,NA,NA,0,Pre-Medicine,1,NA,18,No,0,0,Yes,1,On_Campus,0,0,0,0,0,0,0,0,0,0,0,0,1,1,1,0,1
123,3,0,-0.36215354,-0.2102929,2,-0.5724465,Otsego County,Non-MSA,2021,Third,Upperclassmen,Non-STEM,Sociomedical Sciences,Sociomedical Sciences,NA,NA,Asian Studies,INTD,Biology,Biology,0,NA,0,NA,15,Parents,1,0,No,0,On_Campus,0,0,0,0,0,0,0,0,0,0,0,0,1,1,1,0,0
124,3,0,0.61321666,-0.2102929,3,0.4029237,Schuyler County,Non-MSA,2021,Fourth,Upperclassmen,Education,English,English,Adolescence Education,Education,Dance Studies,INTD,Edgar Fellows (College Honors),INTD,0,NA,0,NA,15,Parents,NA,0,Yes,1,On_Campus,0,0,0,0,0,0,0,0,0,0,1,0,1,1,0,0,1
125,1,0,0.95259136,-1.5250378,2,-0.5724465,Monroe County,Rochester,2022,Third,Upperclassmen,Education,Childhood Education/Special Education,Education,NA,NA,English,English,NA,NA,0,NA,0,NA,16,No,1,0,No,0,On_Campus,0,0,0,0,0,0,0,0,0,NA,0,0,0,0,0,0,1
126,2,0,0.29521891,-0.8676654,2,-0.5724465,Allegany County,Non-MSA,2021,Third,Upperclassmen,Non-STEM,English,English,NA,NA,NA,NA,NA,NA,0,NA,0,NA,15,Yes,0,0,No,0,Yes,0,1,0,0,0,0,0,0,0,0,1,0,0,1,1,0,0
127,5,1,0.27384197,1.1044519,4,1.3782939,Bronx County,New York City Metropolitan Area,2021,Third,Upperclassmen,Non-STEM,Communication,Communication,NA,NA,NA,NA,NA,NA,0,NA,0,NA,18,Parents,0,0,Yes,1,Yes,0,0,0,1,0,0,0,0,0,1,0,1,1,1,1,1,1
128,2,0,0.29521891,-0.8676654,2,-0.5724465,Livingston County,Rochester,2021,Fourth,Upperclassmen,Education,Childhood Education/Special Education,Education,NA,NA,English,English,NA,NA,0,NA,0,NA,15,Parents,0,0,Yes,1,No,0,0,0,0,0,0,0,0,0,0,0,0,0,0,0,1,1
129,5,1,-1.67689844,1.1044519,2,-0.5724465,Saint Lawrence County,Non-MSA,2023,First,Underclassmen,School of Business,Business Administration,School of Business,NA,NA,NA,NA,NA,NA,0,NA,0,NA,16,Parents,0,0,Yes,1,On_Campus,0,1,0,0,0,0,0,0,0,0,1,0,1,1,1,1,1
130,6,1,-1.35890069,1.7618244,3,0.4029237,Niagara County,Buffalo-Niagara Falls,2022,Third,Upperclassmen,Education,Early Childhood/Childhood Education,Education,NA,NA,Human Development,INTD,NA,NA,0,NA,0,NA,16,No,1,0,Parents,0,On_Campus,0,1,0,0,0,0,0,0,0,0,1,0,1,1,1,1,1
131,5,1,-0.70152824,1.1044519,3,0.4029237,Oneida County,Utica-Rome,2023,Third,Upperclassmen,Non-STEM,Sociology,Sociology,NA,NA,Human Development,INTD,NA,NA,0,NA,0,NA,16,Parents,0,0,No,0,On_Campus,0,0,0,0,0,0,0,0,0,0,1,0,0,1,1,1,1
132,6,1,-1.35890069,1.7618244,3,0.4029237,Monroe County,Rochester,Prior to 2018,Fourth,Upperclassmen,School of Business,Accounting,School of Business,NA,NA,Mathematics,Mathematics,NA,NA,1,NA,0,NA,18,Yes,0,0,Yes,1,Yes,0,0,1,0,0,1,1,0,0,1,0,1,1,1,1,1,1
133,3,0,0.61321666,-0.2102929,3,0.4029237,Monroe County,Rochester,2021,Fourth,Upperclassmen,STEM,Biochemistry,Biology,NA,NA,NA,NA,NA,NA,1,NA,0,NA,16,Yes,1,0,Yes,1,On_Campus,0,0,0,0,1,0,0,0,0,1,0,0,0,0,1,1,1
134,4,1,-1.01952599,0.4470795,2,-0.5724465,Queens County,New York City Metropolitan Area,2022,Second,Underclassmen,Non-STEM,Psychology,Psychology,NA,NA,Edgar Fellows (College Honors),INTD,NA,NA,0,Pre-Medicine,1,NA,16,Parents,0,0,Yes,0,On_Campus,0,0,1,1,0,1,0,0,0,1,0,0,1,1,0,0,1
135,5,1,0.27384197,1.1044519,4,1.3782939,Monroe County,Rochester,2021,Third,Upperclassmen,School of Business,Accounting,School of Business,NA,NA,NA,NA,NA,NA,0,NA,0,NA,16,Yes,1,0,Yes,1,No,0,1,0,1,0,1,0,0,0,1,1,1,1,1,1,1,1
136,1,0,1.92796156,-1.5250378,3,0.4029237,Monroe County,Rochester,2021,Second,Underclassmen,Non-STEM,Psychology,Psychology,NA,NA,NA,NA,NA,NA,1,NA,0,NA,16,No,1,0,No,0,Yes,0,NA,0,0,0,0,0,0,0,0,0,0,0,1,0,0,0
137,3,0,-1.33752375,-0.2102929,1,-1.5478167,I did not graduate from a high school in NY,Outside NY,2022,Second,Underclassmen,STEM,Biochemistry,Biology,NA,NA,NA,NA,NA,NA,0,Pre-Medicine,1,NA,16,Yes,1,0,No,0,On_Campus,0,0,0,0,0,0,0,0,0,0,0,0,1,0,0,1,1
138,3,0,0.61321666,-0.2102929,3,0.4029237,Rensselaer County,Albany-Schenectady-Troy,2020,Fourth,Upperclassmen,STEM,Biophysics,Biology,Chemistry,Chemistry,NA,NA,NA,NA,0,NA,0,NA,15,No,1,0,Yes,1,No,0,0,0,0,0,0,0,0,0,0,0,0,1,1,0,0,1
139,6,1,-1.35890069,1.7618244,3,0.4029237,Schenectady County,Albany-Schenectady-Troy,2020,Fourth,Upperclassmen,Non-STEM,Political Science,Political Science and International Relations,NA,NA,Ethics and Values in Society,INTD,NA,NA,0,Pre-Law,1,NA,16,Parents,1,1,Yes,1,No,0,1,0,0,0,0,0,0,0,0,1,0,1,1,1,1,1
140,4,1,-0.04415579,0.4470795,3,0.4029237,Yates County,Rochester,2020,Fourth,Upperclassmen,STEM,Applied Physics,Physics,Sustainability Studies,Geography and Sustainability Studies,Mathematics,Mathematics,NA,NA,0,NA,0,NA,16,Parents,1,0,Yes,1,Yes,0,1,1,1,1,0,1,0,0,1,0,0,1,1,0,1,1
141,5,1,-2.65226865,1.1044519,1,-1.5478167,Ontario County,Rochester,2023,First,Underclassmen,School of Business,Business Administration,School of Business,NA,NA,Economics,School of Business,NA,NA,0,NA,0,NA,16,No,1,0,No,0,On_Campus,0,0,0,1,0,0,0,0,0,1,1,0,1,1,1,1,1
142,1,0,1.92796156,-1.5250378,3,0.4029237,Tompkins County,Ithaca,2022,Third,Upperclassmen,Education,History,History,Adolescence Education: Social Studies,Education,Political Sci,Political Science and International Relations,NA,NA,0,NA,0,NA,15,Yes,1,0,Yes,1,On_Campus,0,1,0,0,0,0,0,0,0,0,0,0,1,0,0,0,0
143,4,1,-0.04415579,0.4470795,3,0.4029237,Suffolk County,Nassau-Suffolk,2022,Second,Underclassmen,School of Business,Accounting,School of Business,Economics,School of Business,Data Analytics,School of Business,NA,NA,0,NA,0,NA,15,NA,0,1,No,0,On_Campus,0,0,0,1,0,0,0,1,1,1,0,0,0,1,1,1,1
144,5,1,-0.70152824,1.1044519,3,0.4029237,Kings County (Brooklyn),New York City Metropolitan Area,2020,Fourth,Upperclassmen,Non-STEM,Political Science,Political Science and International Relations,Psychology,Psychology,NA,NA,NA,NA,0,NA,0,NA,16,Parents,0,0,Yes,1,No,0,0,1,0,1,0,0,0,0,1,0,0,1,1,1,0,1
145,5,1,-0.70152824,1.1044519,3,0.4029237,Yates County,Rochester,2019,Fourth,Upperclassmen,STEM,Mathematics,Mathematics,NA,NA,NA,NA,NA,NA,1,NA,0,NA,15,Yes,0,0,Yes,1,No,0,1,1,0,0,0,0,0,0,1,0,0,0,1,1,1,1
146,2,0,0.29521891,-0.8676654,2,-0.5724465,Kings County (Brooklyn),New York City Metropolitan Area,2021,Fourth,Upperclassmen,Non-STEM,Political Science,Political Science and International Relations,NA,NA,NA,NA,NA,NA,0,NA,0,NA,17,Parents,0,0,No,0,On_Campus,0,0,0,0,0,0,0,0,1,1,0,0,0,0,1,0,1
147,2,0,1.27058911,-0.8676654,3,0.4029237,Schuyler County,Non-MSA,2023,Second,Underclassmen,STEM,Biochemistry,Biology,NA,NA,Edgar Fellows (College Honors),INTD,NA,NA,0,NA,0,NA,16,Yes,0,0,No,0,On_Campus,0,0,0,0,0,0,0,0,0,0,1,0,1,0,0,0,1
149,4,1,-1.9948962,0.4470795,1,-1.5478167,Albany County,Albany-Schenectady-Troy,2021,Third,Upperclassmen,School of Business,Business Administration,School of Business,NA,NA,Economics,School of Business,NA,NA,0,NA,0,NA,15,Parents,1,0,No,0,Yes,0,0,0,0,0,0,0,0,0,0,0,1,1,1,1,0,1
150,5,1,-1.67689844,1.1044519,2,-0.5724465,Herkimer County,Utica-Rome,2022,Third,Upperclassmen,School of Business,Accounting,School of Business,NA,NA,NA,NA,NA,NA,0,NA,0,NA,17,Parents,1,0,Yes,1,On_Campus,0,1,0,1,0,0,0,0,0,1,0,1,1,1,1,1,1
151,5,1,-0.70152824,1.1044519,3,0.4029237,Ontario County,Rochester,2020,Fourth,Upperclassmen,Education,Early Childhood/Childhood Education,Education,NA,NA,NA,NA,NA,NA,1,NA,0,NA,16,Parents,0,0,Yes,1,No,0,0,0,0,0,0,0,0,0,0,1,0,1,1,1,0,1
152,3,0,-1.33752375,-0.2102929,1,-1.5478167,Queens County,New York City Metropolitan Area,2020,Fourth,Upperclassmen,Non-STEM,English,English,Psychology,Psychology,NA,NA,NA,NA,0,NA,0,NA,15,No,0,0,Yes,1,On_Campus,0,0,0,0,0,0,0,0,0,0,0,0,1,0,1,0,1
153,3,0,1.58858686,-0.2102929,4,1.3782939,Livingston County,Rochester,2022,Fourth,Upperclassmen,School of Business,Business Administration,School of Business,Communication,Communication,Marketing,School of Business,NA,NA,0,NA,0,NA,17,No,0,0,No,0,No,0,0,0,0,0,0,0,0,0,0,1,1,1,0,0,1,1
154,1,0,0.95259136,-1.5250378,2,-0.5724465,Monroe County,Rochester,2023,First,Underclassmen,STEM,Geological Sciences,Geology,NA,NA,anthropology and biology,Anthropology,Biology,NA,0,NA,0,NA,17,Parents,NA,0,Yes,0,On_Campus,0,0,0,0,0,0,0,0,0,0,1,0,0,0,0,0,1
155,4,1,-1.01952599,0.4470795,2,-0.5724465,Oneida County,Utica-Rome,2022,Second,Underclassmen,Non-STEM,English,English,NA,NA,Museum Studies,INTD,NA,NA,0,NA,0,NA,16,Parents,0,0,Yes,1,On_Campus,0,0,0,0,0,0,0,0,0,0,0,0,1,1,1,0,1
156,3,0,1.58858686,-0.2102929,4,1.3782939,Cortland County,Non-MSA,2021,Fourth,Upperclassmen,School of Business,Business Administration,School of Business,NA,NA,Accounting,School of Business,NA,NA,0,NA,0,NA,15,Parents,1,0,Yes,1,Yes,0,0,1,0,0,0,0,0,0,1,0,More_than_1,1,0,0,1,1
157,5,1,-0.70152824,1.1044519,3,0.4029237,Schenectady County,Albany-Schenectady-Troy,2021,Fourth,Upperclassmen,School of Business,Accounting,School of Business,NA,NA,Finance,School of Business,NA,NA,0,NA,0,NA,18,Parents,1,0,Yes,1,Yes,0,0,0,0,0,0,0,0,0,0,0,More_than_1,1,1,1,1,1
158,5,1,-0.70152824,1.1044519,3,0.4029237,Madison County,Syracuse,2020,Fourth,Upperclassmen,School of Business,Accounting,School of Business,NA,NA,Finance,School of Business,NA,NA,0,NA,0,NA,15,Parents,0,0,Yes,1,Yes,0,0,0,1,0,0,0,0,0,1,0,More_than_1,1,1,0,1,1
159,3,0,0.61321666,-0.2102929,3,0.4029237,Erie County,Buffalo-Niagara Falls,2021,Fourth,Upperclassmen,STEM,Chemistry,Chemistry,NA,NA,sustainability studies and biology,INTD,Biology,NA,0,NA,0,NA,16,Yes,1,0,Yes,1,Yes,0,1,0,0,0,0,0,0,0,0,0,0,0,0,1,0,1
160,5,1,-1.67689844,1.1044519,2,-0.5724465,Schenectady County,Albany-Schenectady-Troy,2021,Third,Upperclassmen,School of Business,Business Administration,School of Business,NA,NA,Human Resource Management,INTD,Marketing,School of Business,0,NA,0,NA,15,Parents,1,0,Yes,1,Yes,0,0,1,1,1,0,1,0,0,1,1,1,1,0,1,1,1
161,3,0,1.58858686,-0.2102929,4,1.3782939,Queens County,New York City Metropolitan Area,2021,Third,Upperclassmen,School of Business,Accounting,School of Business,NA,NA,Edgar Fellows (College Honors),INTD,NA,NA,0,NA,0,NA,15,Parents,1,0,Yes,1,On_Campus,0,1,1,1,0,1,0,0,0,1,1,1,1,0,1,0,1
162,5,1,-0.70152824,1.1044519,3,0.4029237,New York County (Manhattan),New York City Metropolitan Area,2021,Fourth,Upperclassmen,Non-STEM,Sociology,Sociology,NA,NA,Sociomedical Sciences,INTD,NA,NA,0,NA,0,NA,16,Parents,1,0,Yes,0,No,0,0,0,0,0,0,0,1,0,1,1,0,1,1,0,1,1
163,3,0,-0.36215354,-0.2102929,2,-0.5724465,Wyoming County,Non-MSA,2021,Fourth,Upperclassmen,STEM,Geological Sciences,Geology,NA,NA,NA,NA,NA,NA,1,NA,0,NA,15,Parents,1,0,No,0,On_Campus,0,0,0,0,0,0,0,0,0,0,1,0,0,1,0,1,1
164,4,1,-1.01952599,0.4470795,2,-0.5724465,Wyoming County,Non-MSA,2020,Third,Upperclassmen,Education,Childhood Education/Special Education,Education,English,English,NA,NA,NA,NA,1,NA,0,NA,18,Yes,0,0,Yes,1,On_Campus,0,0,0,0,0,0,0,0,0,0,0,0,0,1,1,1,1
165,1,0,0.95259136,-1.5250378,2,-0.5724465,Bronx County,New York City Metropolitan Area,2022,Second,Underclassmen,Education,Early Childhood/Childhood Education,Education,NA,NA,Human Development,INTD,NA,NA,0,NA,0,NA,16,No,0,0,No,0,On_Campus,0,0,0,0,0,0,0,0,0,0,0,0,1,0,0,0,0
166,4,1,0.93121441,0.4470795,4,1.3782939,Ontario County,Rochester,2022,Third,Upperclassmen,Non-STEM,Sociology,Sociology,NA,NA,Women and Gender Studies,INTD,NA,NA,0,Pre-Law,1,NA,15,Yes,1,0,Yes,1,On_Campus,0,0,0,0,0,0,0,0,0,0,0,0,0,1,1,1,1
167,3,0,-1.33752375,-0.2102929,1,-1.5478167,Monroe County,Rochester,2022,Second,Underclassmen,Education,Early Childhood/Childhood Education,Education,NA,NA,Human Development,INTD,NA,NA,0,NA,0,NA,16,Parents,1,0,No,0,On_Campus,0,0,0,0,0,0,0,0,0,0,0,0,0,1,0,1,1
168,5,1,-0.70152824,1.1044519,3,0.4029237,Suffolk County,Nassau-Suffolk,2023,First,Underclassmen,STEM,Applied Physics,Physics,NA,NA,NA,NA,NA,NA,0,NA,0,NA,18,No,0,0,Yes,1,No,0,0,0,0,0,0,0,0,0,0,1,0,1,1,1,1,1
169,0,0,0.6345936,-2.1824103,1,-1.5478167,Cayuga County,Non-MSA,2022,Third,Upperclassmen,Non-STEM,Psychology,Psychology,NA,NA,NA,NA,NA,NA,1,NA,0,NA,16,No,0,0,Yes,1,On_Campus,0,1,0,0,0,0,0,0,0,0,1,0,0,0,0,0,0
170,5,1,-2.65226865,1.1044519,1,-1.5478167,Nassau County,Nassau-Suffolk,2021,Third,Upperclassmen,School of Business,Business Administration,School of Business,NA,NA,NA,NA,NA,NA,0,NA,0,NA,19,No,1,0,No,0,No,0,0,0,0,0,0,0,0,0,0,0,1,1,1,1,1,1
171,2,0,1.27058911,-0.8676654,3,0.4029237,Erie County,Buffalo-Niagara Falls,2022,Second,Underclassmen,Non-STEM,Psychology,Psychology,NA,NA,NA,NA,NA,NA,0,NA,0,NA,16,Parents,0,0,Yes,1,On_Campus,0,0,0,0,0,0,0,0,0,0,1,0,0,1,0,1,0
172,3,0,-0.36215354,-0.2102929,2,-0.5724465,Onondaga County,Syracuse,2022,Fourth,Upperclassmen,Non-STEM,Individualized Studies,Individualized Studies,NA,NA,Dance Studies,INTD,Edgar Fellows (College Honors),INTD,0,NA,0,NA,16,Parents,0,0,Yes,1,On_Campus,0,0,0,0,0,0,0,0,0,0,0,0,1,1,0,0,1
173,5,1,-0.70152824,1.1044519,3,0.4029237,Monroe County,Rochester,2020,Fourth,Upperclassmen,School of Business,Accounting,School of Business,NA,NA,Edgar Fellows (College Honors),INTD,NA,NA,0,NA,0,NA,16,Parents,1,0,Yes,1,Yes,0,0,1,1,0,0,0,0,1,1,0,More_than_1,1,1,1,1,1
174,0,0,0.6345936,-2.1824103,1,-1.5478167,Erie County,Buffalo-Niagara Falls,2021,Third,Upperclassmen,Education,Childhood Education/Special Education,Education,NA,NA,English,English,NA,NA,0,NA,0,NA,15,Parents,0,0,Yes,1,Yes,0,0,1,0,0,0,0,0,0,1,1,0,0,0,0,0,0
175,4,1,-0.04415579,0.4470795,3,0.4029237,Niagara County,Buffalo-Niagara Falls,2022,Third,Upperclassmen,STEM,Biology,Biology,NA,NA,Human Development,INTD,NA,NA,0,NA,0,NA,15,Parents,1,0,Yes,1,On_Campus,0,0,1,0,0,0,0,0,0,1,1,0,1,1,0,1,1
176,4,1,-1.9948962,0.4470795,1,-1.5478167,Albany County,Albany-Schenectady-Troy,2023,Second,Underclassmen,Non-STEM,Communication,Communication,NA,NA,NA,NA,NA,NA,0,NA,0,NA,15,Parents,1,0,Yes,1,On_Campus,0,0,0,0,1,0,0,0,0,1,1,0,1,1,0,0,1
177,4,1,0.93121441,0.4470795,4,1.3782939,New York County (Manhattan),New York City Metropolitan Area,2021,Fourth,Upperclassmen,Non-STEM,International Relations,Political Science and International Relations,Political Science,Political Science and International Relations,History,History,NA,NA,0,Pre-Law,1,NA,15,Yes,1,0,Yes,1,No,0,0,0,0,0,0,0,0,0,0,0,0,1,1,0,1,1
178,5,1,0.27384197,1.1044519,4,1.3782939,Washington County,Glens Falls,2020,Fourth,Upperclassmen,Non-STEM,Psychology,Psychology,NA,NA,Human Development,INTD,NA,NA,1,NA,0,NA,15,Parents,1,0,Yes,1,Yes,0,0,0,0,0,0,0,0,0,0,0,0,1,1,1,0,1
179,5,1,-0.70152824,1.1044519,3,0.4029237,Suffolk County,Nassau-Suffolk,2021,Fourth,Upperclassmen,STEM,Applied Physics,Physics,Mathematics,Mathematics,NA,NA,NA,NA,0,NA,0,NA,15,Yes,1,0,Yes,1,No,0,0,0,1,0,0,0,0,0,1,0,0,1,1,1,0,1
180,6,1,-1.35890069,1.7618244,3,0.4029237,Chautauqua County,Non-MSA,2023,First,Underclassmen,School of Business,Business Administration,School of Business,NA,NA,NA,NA,NA,NA,0,NA,0,NA,15,Yes,1,0,Yes,1,No,0,0,1,1,1,0,0,0,0,1,1,1,1,1,1,1,1
181,5,1,-0.70152824,1.1044519,3,0.4029237,Monroe County,Rochester,2022,Fourth,Upperclassmen,School of Business,Finance,School of Business,NA,NA,NA,NA,NA,NA,1,NA,0,NA,15,Parents,1,0,No,0,No,0,0,0,1,0,1,0,0,0,1,0,More_than_1,1,1,1,1,1
182,1,0,-0.02277885,-1.5250378,1,-1.5478167,Monroe County,Rochester,2023,First,Underclassmen,Education,Early Childhood/Childhood Education,Education,NA,NA,Human Development,INTD,NA,NA,0,NA,0,NA,15,Parents,1,0,No,0,On_Campus,0,0,0,0,0,0,0,0,0,0,0,0,0,0,0,0,1
183,4,1,0.93121441,0.4470795,4,1.3782939,Sullivan County,Non-MSA,2022,Third,Upperclassmen,School of Business,Accounting,School of Business,NA,NA,NA,NA,NA,NA,0,NA,0,NA,16,Parents,1,0,No,0,On_Campus,0,0,0,0,0,0,0,0,0,0,1,0,1,1,0,1,1
184,5,1,-0.70152824,1.1044519,3,0.4029237,Suffolk County,Nassau-Suffolk,2020,Fourth,Upperclassmen,School of Business,Business Administration,School of Business,NA,NA,Human Resource Management,INTD,NA,NA,0,NA,0,NA,15,Parents,1,0,Yes,1,No,0,0,0,0,0,0,0,0,0,0,1,1,1,1,1,1,1
185,4,1,-1.01952599,0.4470795,2,-0.5724465,Cattaraugus County,Non-MSA,2023,First,Underclassmen,Education,Childhood Education/Special Education,Education,NA,NA,NA,NA,NA,NA,0,NA,0,NA,17,No,0,0,No,0,On_Campus,0,0,0,0,0,0,0,0,0,0,1,0,1,1,0,1,0
186,2,0,1.27058911,-0.8676654,3,0.4029237,Monroe County,Rochester,2020,Fourth,Upperclassmen,STEM,Geological Sciences,Geology,Adolescence Education: Earth Science and General Science,Education,NA,NA,NA,NA,0,NA,0,NA,16,Yes,0,0,Yes,1,Yes,0,0,0,0,0,0,0,0,0,0,0,0,1,1,0,0,0
187,3,0,0.61321666,-0.2102929,3,0.4029237,New York County (Manhattan),New York City Metropolitan Area,2023,First,Underclassmen,Non-STEM,Undecided,Undecided,NA,NA,NA,NA,NA,NA,0,NA,0,NA,17,No,0,0,No,0,No,0,0,0,0,0,0,0,0,0,0,0,0,1,0,0,1,1
188,6,1,0.59183972,1.7618244,5,2.3536641,Monroe County,Rochester,Prior to 2018,Second,Underclassmen,School of Business,Finance,School of Business,NA,NA,NA,NA,NA,NA,1,NA,0,NA,15,Yes,0,0,Yes,1,Yes,0,1,1,1,1,1,0,0,0,1,1,1,1,1,1,1,1
189,3,0,0.61321666,-0.2102929,3,0.4029237,Oswego County,Syracuse,2022,Third,Upperclassmen,Education,History,History,Adolescence Education: Social Studies,Education,NA,NA,NA,NA,0,NA,0,NA,17,Parents,NA,0,No,0,On_Campus,0,NA,0,0,0,0,0,0,0,0,1,0,1,1,0,0,1
190,4,1,0.93121441,0.4470795,4,1.3782939,Monroe County,Rochester,2021,Third,Upperclassmen,STEM,Geological Sciences,Geology,NA,NA,Mathematics,Mathematics,NA,NA,1,NA,0,NA,NA,No,1,0,Parents,0,On_Campus,0,0,0,0,0,0,0,0,0,0,1,0,1,1,0,1,1
191,1,0,0.95259136,-1.5250378,2,-0.5724465,Nassau County,Nassau-Suffolk,2021,Third,Upperclassmen,Non-STEM,Psychology,Psychology,NA,NA,Cognitive Science,INTD,NA,NA,0,NA,0,NA,16,No,1,0,Yes,1,On_Campus,0,0,0,0,0,0,0,0,0,0,1,0,0,0,0,1,0
192,5,1,-0.70152824,1.1044519,3,0.4029237,Monroe County,Rochester,2022,Second,Underclassmen,Non-STEM,Sociology,Sociology,NA,NA,NA,NA,NA,NA,0,NA,0,NA,15,Yes,1,0,Yes,1,On_Campus,0,1,0,0,0,0,0,0,0,0,1,0,1,1,0,1,1
193,2,0,3.22132952,-0.8676654,5,2.3536641,Monroe County,Rochester,2022,Grad,Graduates,STEM,Mathematics,Mathematics,Adolescence Education: Mathematics,Education,Piano pedagogy,Music,NA,NA,0,NA,0,Adolescence Education 7-12,15,Parents,1,0,Yes,1,On_Campus,0,0,0,0,1,0,0,0,0,1,0,0,0,0,1,0,1
194,4,1,-0.04415579,0.4470795,3,0.4029237,Suffolk County,Nassau-Suffolk,2022,Second,Underclassmen,Non-STEM,Communication,Communication,NA,NA,Marketing,School of Business,NA,NA,0,NA,0,NA,16,Parents,0,0,No,0,On_Campus,0,1,0,0,0,0,0,0,0,0,1,1,1,1,0,1,1
195,3,0,-0.36215354,-0.2102929,2,-0.5724465,Yates County,Rochester,2022,Second,Underclassmen,Education,Early Childhood/Childhood Education,Education,NA,NA,Human Development,INTD,NA,NA,0,NA,0,NA,16,Yes,0,0,Yes,1,On_Campus,0,1,0,0,0,0,0,0,0,0,0,0,1,1,0,0,1
196,3,0,-1.33752375,-0.2102929,1,-1.5478167,Suffolk County,Nassau-Suffolk,2022,Third,Upperclassmen,Non-STEM,Psychology,Psychology,NA,NA,NA,NA,NA,NA,0,NA,0,NA,15,Parents,0,0,Yes,1,On_Campus,0,0,0,0,0,0,0,0,0,0,0,0,1,1,0,0,1
197,5,1,-0.70152824,1.1044519,3,0.4029237,Orleans County,Rochester,2022,Grad,Graduates,Education,Early Childhood/Childhood Education,Education,NA,NA,NA,NA,NA,NA,0,NA,0,Reading and Literacy B-12,15,Parents,0,0,No,0,On_Campus,0,1,0,0,0,0,1,0,0,1,0,0,1,1,1,1,1
198,4,1,-0.04415579,0.4470795,3,0.4029237,Schenectady County,Albany-Schenectady-Troy,2022,Grad,Graduates,Non-STEM,History,History,NA,NA,Business Studies,School of Business,Sociomedical Sciences,INTD,0,NA,0,MA in History,16,Parents,1,0,No,0,On_Campus,0,0,0,0,0,0,0,0,0,0,0,0,1,1,0,0,1
199,2,0,0.29521891,-0.8676654,2,-0.5724465,Onondaga County,Syracuse,2022,Second,Underclassmen,Education,History,History,Adolescence Education: Social Studies,Education,NA,NA,NA,NA,0,NA,0,NA,15,Parents,0,0,No,0,On_Campus,0,0,0,0,0,0,0,0,0,0,0,0,0,1,0,0,1
200,3,0,-0.36215354,-0.2102929,2,-0.5724465,Monroe County,Rochester,2022,Second,Underclassmen,Education,Early Childhood/Childhood Education,Education,NA,NA,Human Development,INTD,NA,NA,0,NA,0,NA,15,Parents,1,0,Yes,1,On_Campus,0,0,0,0,0,0,0,0,0,0,1,0,1,1,0,1,0
201,5,1,0.27384197,1.1044519,4,1.3782939,Wyoming County,Non-MSA,2022,Second,Underclassmen,School of Business,Business Administration,School of Business,NA,NA,NA,NA,NA,NA,0,NA,0,NA,15,No,0,NA,Yes,1,On_Campus,0,0,0,1,0,0,0,0,0,1,0,0,1,1,1,1,1
202,3,0,0.61321666,-0.2102929,3,0.4029237,Schenectady County,Albany-Schenectady-Troy,2022,Second,Underclassmen,Education,Early Childhood/Childhood Education,Education,NA,NA,Human Development,INTD,Human Resource Management,INTD,0,NA,0,NA,16,No,1,0,Yes,1,On_Campus,0,0,0,0,0,0,0,0,0,0,1,0,1,0,0,0,1
203,3,0,-0.36215354,-0.2102929,2,-0.5724465,Oneida County,Utica-Rome,2022,Second,Underclassmen,Non-STEM,Communication,Communication,Sociology,Sociology,NA,NA,NA,NA,0,Pre-Law,1,NA,17,No,0,0,Yes,1,On_Campus,0,0,0,0,0,0,0,0,0,0,0,0,1,1,0,1,0
204,4,1,0.93121441,0.4470795,4,1.3782939,Yates County,Rochester,2022,Third,Upperclassmen,Education,English,English,Adolescence Education,Education,NA,NA,NA,NA,1,NA,0,NA,15,Yes,1,0,Yes,1,On_Campus,0,0,0,0,0,0,0,0,0,0,1,0,1,1,1,0,1
205,5,1,-1.67689844,1.1044519,2,-0.5724465,Steuben County,Non-MSA,2022,Third,Upperclassmen,STEM,Sustainability Studies,Geography and Sustainability Studies,NA,NA,NA,NA,NA,NA,0,NA,0,NA,15,No,0,0,Yes,1,On_Campus,0,1,0,0,0,0,0,0,0,0,0,0,1,1,1,1,1
206,3,0,-1.33752375,-0.2102929,1,-1.5478167,Albany County,Albany-Schenectady-Troy,2022,Fourth,Upperclassmen,Non-STEM,History,History,NA,NA,Edgar Fellows (College Honors),INTD,Spanish,Global Languages and Cultures,0,NA,0,NA,16,Parents,1,1,No,0,On_Campus,0,0,0,0,0,0,0,0,0,0,0,0,0,1,0,1,1
207,2,0,1.27058911,-0.8676654,3,0.4029237,Suffolk County,Nassau-Suffolk,2022,Second,Underclassmen,Education,Early Childhood/Childhood Education,Education,NA,NA,Spanish,Global Languages and Cultures,NA,NA,0,NA,0,NA,16,Parents,0,0,Yes,1,No,0,0,0,0,0,0,0,0,0,0,1,0,0,1,0,0,1
208,4,1,0.93121441,0.4470795,4,1.3782939,Monroe County,Rochester,2022,Second,Underclassmen,STEM,Biology,Biology,NA,NA,Human Development,INTD,NA,NA,0,Pre-Medicine,1,NA,16,Parents,0,0,Yes,1,No,0,1,1,0,1,0,0,0,0,1,0,0,1,1,0,1,1
209,3,0,-0.36215354,-0.2102929,2,-0.5724465,Wyoming County,Non-MSA,2018,Grad,Graduates,Education,Early Childhood/Childhood Education,Education,NA,NA,Human Development,INTD,NA,NA,1,NA,0,Reading and Literacy B-12,15,Yes,1,0,Yes,1,Yes,0,1,0,0,0,0,0,0,0,0,0,0,0,0,0,1,1
210,4,1,-1.01952599,0.4470795,2,-0.5724465,Ontario County,Rochester,2022,Second,Underclassmen,Non-STEM,Psychology,Psychology,NA,NA,NA,NA,NA,NA,0,NA,0,NA,16,Parents,1,0,Yes,0,On_Campus,0,1,0,0,0,0,0,0,0,0,0,0,1,1,0,1,1
211,4,1,-0.04415579,0.4470795,3,0.4029237,Monroe County,Rochester,2022,Third,Upperclassmen,Non-STEM,Sociomedical Sciences,Sociomedical Sciences,NA,NA,Human Development,INTD,NA,NA,0,NA,0,NA,15,Parents,1,0,No,0,On_Campus,0,1,0,0,0,0,0,0,0,0,1,1,1,1,0,0,1
212,2,0,1.27058911,-0.8676654,3,0.4029237,Erie County,Buffalo-Niagara Falls,2022,Second,Underclassmen,STEM,Biology,Biology,NA,NA,NA,NA,NA,NA,0,NA,0,NA,15,Parents,0,0,Yes,0,On_Campus,0,0,0,0,1,0,0,0,0,1,1,0,0,0,0,1,1
213,4,1,-1.01952599,0.4470795,2,-0.5724465,Onondaga County,Syracuse,2022,Third,Upperclassmen,STEM,Neuroscience,Neuroscience,NA,NA,Human Development,INTD,NA,NA,0,NA,0,NA,15,Yes,1,0,Yes,1,On_Campus,0,1,0,0,0,0,0,0,0,0,1,0,1,1,0,1,0
214,5,1,-0.70152824,1.1044519,3,0.4029237,Schuyler County,Non-MSA,2020,Fourth,Upperclassmen,STEM,Biology,Biology,NA,NA,NA,NA,NA,NA,0,NA,0,NA,16,No,0,0,No,0,On_Campus,0,0,0,0,0,0,0,0,0,0,0,0,1,1,1,0,1
215,3,0,-1.33752375,-0.2102929,1,-1.5478167,Suffolk County,Nassau-Suffolk,2022,Second,Underclassmen,STEM,Biology,Biology,NA,NA,NA,NA,NA,NA,0,NA,0,NA,16,Parents,1,0,No,0,On_Campus,0,0,0,0,0,0,0,0,0,0,0,0,1,1,0,0,1
216,4,1,-1.9948962,0.4470795,1,-1.5478167,Monroe County,Rochester,2022,Third,Upperclassmen,STEM,Chemistry,Chemistry,English,English,NA,NA,NA,NA,0,NA,0,NA,16,No,0,0,No,0,Yes,0,0,0,0,0,0,0,0,0,0,0,0,1,1,1,0,1
217,3,0,-0.36215354,-0.2102929,2,-0.5724465,Niagara County,Buffalo-Niagara Falls,2022,Second,Underclassmen,Education,History,History,Adolescence Education: Social Studies,Education,Mathematics,Mathematics,NA,NA,1,NA,0,NA,17,Parents,1,0,Parents,0,On_Campus,0,1,0,0,0,0,0,0,0,0,0,0,0,1,0,1,1
218,4,1,0.93121441,0.4470795,4,1.3782939,Monroe County,Rochester,2022,Second,Underclassmen,School of Business,Finance,School of Business,NA,NA,NA,NA,NA,NA,0,NA,0,NA,16,Parents,1,0,Yes,1,No,0,0,0,1,0,1,0,1,0,1,1,1,1,1,0,0,1
219,4,1,-1.9948962,0.4470795,1,-1.5478167,Erie County,Buffalo-Niagara Falls,2022,Second,Underclassmen,School of Business,Accounting,School of Business,NA,NA,NA,NA,NA,NA,0,NA,0,NA,16,Parents,1,0,Yes,1,On_Campus,0,0,1,0,0,0,0,0,0,1,1,0,1,1,0,1,1
220,3,0,0.61321666,-0.2102929,3,0.4029237,Rensselaer County,Albany-Schenectady-Troy,2021,Third,Upperclassmen,School of Business,Accounting,School of Business,NA,NA,Data Analytics,School of Business,NA,NA,0,NA,0,NA,16,Yes,1,0,Yes,1,Yes,1,0,1,1,1,0,1,0,0,1,0,1,0,0,1,1,1
221,2,0,1.27058911,-0.8676654,3,0.4029237,Erie County,Buffalo-Niagara Falls,2020,Fourth,Upperclassmen,STEM,Biology,Biology,NA,NA,Edgar Fellows (College Honors),INTD,Spanish,Global Languages and Cultures,0,Pre-Medicine,1,NA,16,Yes,0,0,Yes,1,Yes,0,0,1,1,0,0,0,0,0,1,0,0,0,1,0,0,1
222,4,1,-1.01952599,0.4470795,2,-0.5724465,Westchester County,Orange-Rockland-Westchester,2022,Second,Underclassmen,STEM,Applied Mathematics,Mathematics,NA,NA,NA,NA,NA,NA,0,NA,0,NA,15,No,1,0,Yes,1,On_Campus,0,0,0,0,0,0,0,0,0,0,0,0,1,1,0,1,0
223,4,1,-0.04415579,0.4470795,3,0.4029237,Onondaga County,Syracuse,2023,Second,Underclassmen,STEM,Biochemistry,Biology,NA,NA,NA,NA,NA,NA,0,NA,0,NA,15,Yes,1,0,Yes,1,On_Campus,0,0,0,0,0,0,0,0,0,0,0,0,1,1,0,1,1
224,5,1,-0.70152824,1.1044519,3,0.4029237,Cattaraugus County,Non-MSA,2023,Second,Underclassmen,STEM,Biochemistry,Biology,NA,NA,NA,NA,NA,NA,0,NA,0,NA,15,Parents,0,0,No,0,No,0,0,0,1,0,0,0,0,0,1,0,0,1,1,1,0,1
225,2,0,0.29521891,-0.8676654,2,-0.5724465,New York County (Manhattan),New York City Metropolitan Area,2023,First,Underclassmen,Non-STEM,History,History,NA,NA,NA,NA,NA,NA,0,NA,0,NA,18,No,1,0,No,0,On_Campus,0,0,0,0,0,0,0,0,0,0,0,0,0,0,0,1,1
226,3,0,0.61321666,-0.2102929,3,0.4029237,Monroe County,Rochester,2023,First,Underclassmen,STEM,Biochemistry,Biology,NA,NA,NA,NA,NA,NA,0,NA,0,NA,18,Parents,0,0,No,0,No,0,0,0,0,0,0,1,0,0,1,1,0,1,1,0,1,0
227,6,1,-0.38353048,1.7618244,4,1.3782939,Queens County,New York City Metropolitan Area,2021,Third,Upperclassmen,School of Business,Economics,School of Business,NA,NA,Data Analytics,School of Business,NA,NA,0,NA,0,NA,17,Parents,0,0,Yes,1,On_Campus,0,0,0,1,0,0,0,0,0,1,0,0,1,1,1,1,1
228,1,0,2.90333176,-1.5250378,4,1.3782939,Erie County,Buffalo-Niagara Falls,2020,Fourth,Upperclassmen,Non-STEM,Sociology,Sociology,Sociomedical Sciences,Sociomedical Sciences,NA,NA,NA,NA,0,NA,0,NA,16,Yes,0,0,Yes,1,Yes,0,1,0,0,0,0,0,0,0,0,0,0,0,0,0,0,1
229,5,1,0.27384197,1.1044519,4,1.3782939,Suffolk County,Nassau-Suffolk,2021,Fourth,Upperclassmen,School of Business,Business Administration,School of Business,NA,NA,Communications,Communication,NA,NA,0,NA,0,NA,15,Parents,1,0,Yes,1,Yes,0,1,0,0,0,0,0,0,0,0,0,More_than_1,1,1,0,1,1
230,4,1,-0.04415579,0.4470795,3,0.4029237,Livingston County,Rochester,2021,Fourth,Upperclassmen,Education,Early Childhood/Childhood Education,Education,NA,NA,Human Development,INTD,NA,NA,0,NA,0,NA,16,No,NA,0,Yes,1,No,0,0,1,0,1,0,0,0,0,1,0,NA,1,1,0,0,1
231,4,1,-1.01952599,0.4470795,2,-0.5724465,Westchester County,Orange-Rockland-Westchester,2023,First,Underclassmen,Non-STEM,Psychology,Psychology,NA,NA,NA,NA,NA,NA,1,NA,0,NA,17,No,0,0,No,0,On_Campus,0,0,0,0,0,0,0,0,0,0,0,0,1,1,1,1,0
232,1,0,0.95259136,-1.5250378,2,-0.5724465,Suffolk County,Nassau-Suffolk,2020,Third,Upperclassmen,Non-STEM,Communication,Communication,NA,NA,Asian Studies,INTD,Business Studies,INTD,1,NA,0,NA,18,Parents,0,0,No,0,Yes,0,0,0,0,0,0,0,0,0,0,1,More_than_1,0,0,0,0,0
233,5,1,-1.67689844,1.1044519,2,-0.5724465,Erie County,Buffalo-Niagara Falls,2022,Second,Underclassmen,Education,Childhood Education/Special Education,Education,NA,NA,Edgar Fellows (College Honors),INTD,NA,NA,0,NA,0,NA,15,Parents,0,0,No,0,On_Campus,0,0,0,0,0,0,0,0,0,0,1,0,0,1,1,1,1
234,4,1,-1.01952599,0.4470795,2,-0.5724465,Dutchess County,Dutchess-Putnam,2018,Fourth,Upperclassmen,Education,Early Childhood/Childhood Education,Education,NA,NA,Spanish,Global Languages and Cultures,NA,NA,1,NA,0,NA,15,Parents,0,0,Yes,1,No,0,1,0,0,0,0,0,0,0,0,0,0,0,1,1,1,0
235,3,0,-0.36215354,-0.2102929,2,-0.5724465,Livingston County,Rochester,2022,Second,Underclassmen,Non-STEM,Psychology,Psychology,NA,NA,Dance Studies,INTD,NA,NA,1,NA,0,NA,15,Parents,0,0,Parents,0,On_Campus,0,0,1,0,0,0,0,0,0,1,1,0,1,1,0,0,1
236,3,0,-0.36215354,-0.2102929,2,-0.5724465,Niagara County,Buffalo-Niagara Falls,2023,First,Underclassmen,STEM,Applied Physics,Physics,NA,NA,math,Mathematics,NA,NA,0,NA,0,NA,16,Parents,1,0,No,0,On_Campus,0,0,0,0,0,0,0,0,0,0,1,0,1,1,0,0,1
237,2,0,0.29521891,-0.8676654,2,-0.5724465,Schenectady County,Albany-Schenectady-Troy,2022,Second,Underclassmen,Non-STEM,Psychology,Psychology,NA,NA,Edgar Fellows (College Honors),INTD,Sociology,Sociology,0,NA,0,NA,15,No,0,0,No,0,On_Campus,0,0,0,0,0,0,0,0,0,0,0,0,1,0,0,0,1
238,5,1,1.24921217,1.1044519,5,2.3536641,Monroe County,Rochester,2021,Third,Upperclassmen,STEM,Mathematics,Mathematics,NA,NA,Data Analytics,School of Business,NA,NA,0,NA,0,NA,16,Yes,1,0,Yes,1,No,0,1,1,0,1,0,0,0,0,1,0,0,1,1,1,1,1
239,0,0,0.6345936,-2.1824103,1,-1.5478167,Monroe County,Rochester,2021,Third,Upperclassmen,Education,Early Childhood/Childhood Education,Education,NA,NA,NA,NA,NA,NA,0,NA,0,NA,15,No,1,0,No,0,No,0,0,1,1,1,0,1,0,0,1,1,0,0,0,0,0,0
240,2,0,0.29521891,-0.8676654,2,-0.5724465,Broome County,Binghamton,2023,First,Underclassmen,Non-STEM,Undecided,Undecided,NA,NA,NA,NA,NA,NA,0,NA,0,NA,NA,No,1,0,No,0,On_Campus,0,0,0,0,0,0,1,0,0,1,1,0,1,0,0,1,0
241,2,0,1.27058911,-0.8676654,3,0.4029237,Saratoga County,Albany-Schenectady-Troy,2022,Third,Upperclassmen,Education,Early Childhood/Childhood Education,Education,NA,NA,Human Development,INTD,NA,NA,0,NA,0,NA,16,Yes,1,0,No,0,No,0,1,1,0,0,0,0,0,0,1,1,0,0,1,0,0,1
242,3,0,-0.36215354,-0.2102929,2,-0.5724465,Broome County,Binghamton,2022,Third,Upperclassmen,School of Business,Business Administration,School of Business,NA,NA,Marketing,School of Business,NA,NA,0,NA,0,NA,15,Parents,1,0,No,0,On_Campus,0,0,0,0,0,0,0,0,0,0,1,More_than_1,0,1,0,1,1
243,4,1,-0.04415579,0.4470795,3,0.4029237,Monroe County,Rochester,2022,Second,Underclassmen,Education,Early Childhood/Childhood Education,Education,NA,NA,Human Development,INTD,NA,NA,0,NA,0,NA,17,Parents,1,0,Yes,1,On_Campus,0,1,0,0,0,0,0,0,0,0,1,0,1,1,0,1,1
244,2,0,0.29521891,-0.8676654,2,-0.5724465,Ontario County,Rochester,2020,Fourth,Upperclassmen,Education,Early Childhood/Childhood Education,Education,NA,NA,English,English,NA,NA,1,NA,0,NA,16,Parents,0,0,No,0,Yes,0,1,0,0,0,0,0,0,0,0,0,0,1,1,0,0,0
245,2,0,1.27058911,-0.8676654,3,0.4029237,Chemung County,Elmira,2020,Fourth,Upperclassmen,Education,Childhood Education/Special Education,Education,NA,NA,English,English,NA,NA,1,NA,0,NA,16,Parents,0,0,No,0,No,0,0,1,0,0,0,0,0,0,1,1,0,0,1,0,1,0
246,4,1,-1.9948962,0.4470795,1,-1.5478167,Livingston County,Rochester,2019,Grad,Graduates,Education,Early Childhood/Childhood Education,Education,NA,NA,NA,NA,NA,NA,0,NA,0,Adolescence Education 7-12,15,Parents,0,0,Yes,1,Yes,0,0,0,0,0,0,0,0,0,0,0,0,1,1,1,1,0
247,3,0,-0.36215354,-0.2102929,2,-0.5724465,Nassau County,Nassau-Suffolk,2022,Second,Underclassmen,STEM,Biology,Biology,NA,NA,NA,NA,NA,NA,0,Pre-Medicine,1,NA,16,NA,1,0,NA,0,On_Campus,0,0,0,0,0,0,0,0,0,0,1,0,0,1,0,0,1
248,6,1,0.59183972,1.7618244,5,2.3536641,Suffolk County,Nassau-Suffolk,2021,Grad,Graduates,School of Business,Accounting,School of Business,NA,NA,Mathematics,Mathematics,NA,NA,0,NA,0,MS in Accounting,15,Yes,1,0,Yes,1,No,0,1,1,0,0,0,0,0,0,1,0,More_than_1,1,1,1,1,1
249,3,0,0.61321666,-0.2102929,3,0.4029237,Erie County,Buffalo-Niagara Falls,2022,Fourth,Upperclassmen,Non-STEM,Psychology,Psychology,NA,NA,Human Development,INTD,NA,NA,0,NA,0,NA,16,Parents,1,0,Yes,1,On_Campus,0,0,0,0,0,0,0,0,0,0,1,0,1,1,0,0,1
250,2,0,1.27058911,-0.8676654,3,0.4029237,Monroe County,Rochester,2022,Second,Underclassmen,Non-STEM,Psychology,Psychology,NA,NA,Sociology,Sociology,NA,NA,0,NA,0,NA,16,Parents,1,0,Yes,1,On_Campus,0,1,0,0,0,0,0,0,0,0,0,0,1,1,0,0,0
251,0,0,0.6345936,-2.1824103,1,-1.5478167,Monroe County,Rochester,2021,Grad,Graduates,Non-STEM,History,History,History,History,NA,NA,NA,NA,1,NA,0,MA in History,15,No,0,0,No,0,On_Campus,0,0,0,0,0,0,0,0,0,0,0,0,0,0,0,0,0
252,3,0,0.61321666,-0.2102929,3,0.4029237,Monroe County,Rochester,2019,Grad,Graduates,Education,Childhood Education/Special Education,Education,NA,NA,History,History,NA,NA,0,NA,0,Reading and Literacy B-12,18,Parents,1,0,No,0,No,0,0,0,1,0,0,0,0,0,1,0,0,1,1,0,0,1
253,2,0,0.29521891,-0.8676654,2,-0.5724465,New York County (Manhattan),New York City Metropolitan Area,2023,First,Underclassmen,STEM,Biology,Biology,NA,NA,NA,NA,NA,NA,0,Pre-Medicine,1,NA,18,No,0,0,No,0,On_Campus,0,0,0,0,0,0,0,0,0,0,1,0,0,1,0,0,0
254,0,0,2.58533401,-2.1824103,3,0.4029237,Kings County (Brooklyn),New York City Metropolitan Area,2023,First,Underclassmen,STEM,Neuroscience,Neuroscience,NA,NA,NA,NA,NA,NA,0,Pre-Medicine,1,NA,15,No,0,0,No,0,On_Campus,0,0,0,0,0,0,0,0,0,0,0,0,0,0,0,0,0
255,3,0,1.58858686,-0.2102929,4,1.3782939,Suffolk County,Nassau-Suffolk,2021,Third,Upperclassmen,STEM,Biology,Biology,NA,NA,NA,NA,NA,NA,0,Pre-Veterinary Medicine,1,NA,17,No,1,0,Yes,1,Yes,0,0,0,0,0,0,0,0,0,0,0,More_than_1,1,1,0,1,0
256,0,0,0.6345936,-2.1824103,1,-1.5478167,Suffolk County,Nassau-Suffolk,2022,Second,Underclassmen,Education,Early Childhood/Childhood Education,Education,NA,NA,English,English,NA,NA,0,NA,0,NA,16,Parents,1,0,Yes,1,On_Campus,0,0,0,0,0,0,0,0,0,0,1,0,0,0,0,0,0
257,3,0,-1.33752375,-0.2102929,1,-1.5478167,Oneida County,Utica-Rome,2022,Third,Upperclassmen,Non-STEM,Political Science,Political Science and International Relations,NA,NA,Conflict Studies,INTD,Ethics and Values in Society,INTD,0,NA,0,NA,15,No,0,0,Yes,1,No,0,0,0,0,0,0,0,0,0,0,0,0,1,0,0,1,1
258,2,0,1.27058911,-0.8676654,3,0.4029237,Albany County,Albany-Schenectady-Troy,2022,Grad,Graduates,Education,English,English,Adolescence Education,Education,Africana Studies,INTD,NA,NA,0,NA,0,Adolescence Education 7-12,15,Parents,1,0,No,0,On_Campus,0,1,0,0,0,0,0,0,0,0,0,0,1,0,0,0,1
259,2,0,0.29521891,-0.8676654,2,-0.5724465,Saratoga County,Albany-Schenectady-Troy,2022,Second,Underclassmen,Education,Early Childhood/Childhood Education,Education,NA,NA,Human Development,INTD,NA,NA,0,NA,0,NA,15,Parents,1,0,Yes,1,On_Campus,0,1,0,0,0,0,0,0,0,0,0,0,1,0,0,0,1
260,3,0,0.61321666,-0.2102929,3,0.4029237,Dutchess County,Dutchess-Putnam,2022,Third,Upperclassmen,School of Business,Business Administration,School of Business,NA,NA,NA,NA,NA,NA,0,NA,0,NA,15,Yes,1,0,Yes,1,No,0,0,1,1,0,0,0,0,1,1,0,0,1,0,0,1,1
261,3,0,-1.33752375,-0.2102929,1,-1.5478167,Richmond County (Staten Island),New York City Metropolitan Area,2023,First,Underclassmen,STEM,Biochemistry,Biology,NA,NA,NA,NA,NA,NA,0,NA,0,NA,17,No,1,0,No,0,On_Campus,0,1,0,0,0,0,0,0,0,0,0,0,1,1,0,0,1
262,2,0,0.29521891,-0.8676654,2,-0.5724465,Erie County,Buffalo-Niagara Falls,2022,Second,Underclassmen,STEM,Neuroscience,Neuroscience,NA,NA,NA,NA,NA,NA,0,Pre-Medicine,1,NA,16,Parents,1,0,No,0,No,0,0,0,0,0,0,0,0,0,0,0,0,0,0,0,1,1
263,2,0,-0.6801513,-0.8676654,1,-1.5478167,Monroe County,Rochester,2022,Grad,Graduates,Education,Early Childhood/Childhood Education,Education,NA,NA,Human Development,INTD,NA,NA,0,NA,0,Reading and Literacy B-12,16,Parents,0,0,Yes,1,On_Campus,0,0,0,0,0,0,0,0,0,NA,0,0,0,0,0,1,1
264,5,1,-1.67689844,1.1044519,2,-0.5724465,Erie County,Buffalo-Niagara Falls,2022,Second,Underclassmen,Non-STEM,Psychology,Psychology,NA,NA,NA,NA,NA,NA,0,NA,0,NA,15,Parents,1,0,No,0,On_Campus,0,0,0,0,0,0,0,0,0,0,0,0,1,1,0,1,1
265,3,0,0.61321666,-0.2102929,3,0.4029237,Herkimer County,Utica-Rome,2023,First,Underclassmen,School of Business,Finance,School of Business,NA,NA,NA,NA,NA,NA,0,NA,0,NA,15,Parents,0,0,No,0,On_Campus,0,1,0,1,0,1,0,0,1,1,1,1,1,1,0,0,1
266,5,1,0.27384197,1.1044519,4,1.3782939,I did not graduate from a high school in NY,Outside NY,2019,Third,Upperclassmen,School of Business,Finance,School of Business,NA,NA,Economics,School of Business,NA,NA,0,NA,0,NA,16,Yes,1,0,Yes,0,Yes,0,0,0,1,0,1,0,0,1,1,0,More_than_1,1,1,0,1,1
267,4,1,-0.04415579,0.4470795,3,0.4029237,Albany County,Albany-Schenectady-Troy,2022,Second,Underclassmen,School of Business,Finance,School of Business,NA,NA,NA,NA,NA,NA,1,NA,0,NA,15,NA,NA,0,No,0,No,0,1,0,0,0,1,0,0,0,1,1,1,0,1,0,1,1
268,6,1,-2.33427089,1.7618244,2,-0.5724465,Erie County,Buffalo-Niagara Falls,2023,Second,Underclassmen,School of Business,Finance,School of Business,NA,NA,NA,NA,NA,NA,0,NA,0,NA,17,No,1,0,Yes,0,On_Campus,0,0,0,1,0,0,0,0,0,1,1,More_than_1,1,1,1,1,1
269,3,0,0.61321666,-0.2102929,3,0.4029237,Bronx County,New York City Metropolitan Area,2022,Second,Underclassmen,School of Business,Finance,School of Business,Pre-med,NA,NA,NA,NA,NA,0,NA,0,NA,15,Yes,0,0,No,0,Yes,0,0,0,0,0,1,0,1,0,1,0,0,1,0,0,1,1
270,4,1,-0.04415579,0.4470795,3,0.4029237,Suffolk County,Nassau-Suffolk,2021,Third,Upperclassmen,School of Business,Accounting,School of Business,NA,NA,Finance,School of Business,NA,NA,0,NA,0,NA,16,Parents,NA,0,Yes,1,No,0,0,0,0,0,0,0,0,0,0,0,More_than_1,0,1,1,1,1
271,3,0,1.58858686,-0.2102929,4,1.3782939,Onondaga County,Syracuse,2023,First,Underclassmen,School of Business,Finance,School of Business,NA,NA,Economics,School of Business,NA,NA,0,NA,0,NA,15,Parents,1,0,Yes,1,On_Campus,0,0,0,1,0,1,1,0,0,1,1,More_than_1,1,1,0,0,1
272,3,0,-1.33752375,-0.2102929,1,-1.5478167,Broome County,Binghamton,2023,Second,Underclassmen,Non-STEM,Communication,Communication,NA,NA,NA,NA,NA,NA,0,NA,0,NA,NA,No,0,0,Yes,0,No,0,0,0,1,0,0,1,0,0,1,0,0,0,1,0,1,1
273,2,0,-0.6801513,-0.8676654,1,-1.5478167,Suffolk County,Nassau-Suffolk,2023,Second,Underclassmen,School of Business,Economics,School of Business,Finance,School of Business,Mathematics,Mathematics,NA,NA,0,NA,0,NA,15,No,1,0,No,0,On_Campus,0,0,0,0,0,0,0,0,0,0,0,1,1,1,0,0,0
274,5,1,0.27384197,1.1044519,4,1.3782939,Nassau County,Nassau-Suffolk,2021,Fourth,Upperclassmen,School of Business,Finance,School of Business,NA,NA,NA,NA,NA,NA,0,NA,0,NA,17,Yes,0,0,Yes,1,No,0,0,1,1,0,1,0,1,1,1,0,More_than_1,1,1,1,1,1
275,5,1,0.27384197,1.1044519,4,1.3782939,Oneida County,Utica-Rome,2021,Third,Upperclassmen,School of Business,Economics,School of Business,Finance,School of Business,NA,NA,NA,NA,0,NA,0,NA,16,Yes,0,0,Yes,1,On_Campus,0,0,1,1,0,1,1,0,0,1,0,More_than_1,1,1,1,1,1
276,4,1,-1.01952599,0.4470795,2,-0.5724465,Cattaraugus County,Non-MSA,2021,Third,Upperclassmen,School of Business,Data Analytics,School of Business,NA,NA,Finance,School of Business,NA,NA,1,NA,0,NA,16,No,0,0,Yes,1,Yes,0,0,0,1,0,1,0,0,0,1,0,1,1,1,0,0,1
277,6,1,-1.35890069,1.7618244,3,0.4029237,Schenectady County,Albany-Schenectady-Troy,2020,Fourth,Upperclassmen,School of Business,Finance,School of Business,NA,NA,NA,NA,NA,NA,0,NA,0,NA,16,Parents,0,0,Yes,1,Yes,0,1,0,0,0,0,0,0,0,0,0,More_than_1,1,1,1,1,1
278,3,0,1.58858686,-0.2102929,4,1.3782939,Ulster County,NA,2021,Third,Upperclassmen,School of Business,Finance,School of Business,NA,NA,Finance,School of Business,NA,NA,1,NA,0,NA,15,Parents,1,0,No,1,On_Campus,0,0,1,1,0,1,0,1,0,1,1,1,0,1,1,0,1
279,3,0,0.61321666,-0.2102929,3,0.4029237,I did not graduate from a high school in NY,Outside NY,2020,First,Underclassmen,School of Business,Business Administration,School of Business,NA,NA,NA,NA,NA,NA,0,NA,0,NA,16,No,1,0,Yes,1,Yes,1,1,0,1,0,1,0,1,0,1,0,0,0,0,1,1,1
280,6,1,0.59183972,1.7618244,5,2.3536641,Monroe County,Rochester,2020,Third,Upperclassmen,School of Business,Economics,School of Business,NA,NA,NA,NA,NA,NA,0,NA,0,NA,NA,Yes,1,0,Parents,0,No,0,0,1,0,0,0,0,0,0,1,0,0,1,1,1,1,1
281,6,1,-1.35890069,1.7618244,3,0.4029237,Suffolk County,Nassau-Suffolk,2021,Fourth,Upperclassmen,School of Business,Finance,School of Business,NA,NA,NA,NA,NA,NA,0,NA,0,NA,15,No,1,0,No,0,Yes,0,0,0,0,0,0,0,0,0,0,1,More_than_1,1,1,1,1,1
282,5,1,-0.70152824,1.1044519,3,0.4029237,Monroe County,Rochester,2020,Fourth,Upperclassmen,School of Business,Business Administration,School of Business,NA,NA,Bio,Biology,NA,NA,0,NA,0,NA,17,Parents,1,0,Yes,1,Yes,1,1,1,0,0,0,0,0,0,1,0,More_than_1,0,1,1,1,1
283,6,1,-3.30964109,1.7618244,1,-1.5478167,Niagara County,Buffalo-Niagara Falls,2023,First,Underclassmen,School of Business,Economics,School of Business,NA,NA,Marketing,School of Business,Spanish,Global Languages and Cultures,0,NA,0,NA,15,Yes,1,0,Yes,1,On_Campus,0,0,0,0,0,0,0,0,0,0,0,More_than_1,1,1,1,1,1
284,4,1,-0.04415579,0.4470795,3,0.4029237,Westchester County,Orange-Rockland-Westchester,2023,Second,Underclassmen,School of Business,Finance,School of Business,NA,NA,NA,NA,NA,NA,0,NA,0,NA,16,Parents,1,0,Yes,0,On_Campus,0,0,0,1,0,1,0,0,0,1,0,More_than_1,1,1,1,0,1
285,3,0,-0.36215354,-0.2102929,2,-0.5724465,Nassau County,Nassau-Suffolk,2021,Third,Upperclassmen,School of Business,Finance,School of Business,NA,NA,NA,NA,NA,NA,0,NA,0,NA,17,Parents,1,0,No,0,No,0,0,0,0,0,0,0,0,1,1,1,More_than_1,1,0,0,1,1
286,4,1,-0.04415579,0.4470795,3,0.4029237,Erie County,Buffalo-Niagara Falls,2021,Third,Upperclassmen,School of Business,Finance,School of Business,NA,NA,Marketing,School of Business,NA,NA,0,NA,0,NA,17,Parents,1,0,No,0,Yes,0,0,0,0,0,0,0,0,0,0,1,More_than_1,0,1,1,1,1
287,5,1,1.24921217,1.1044519,5,2.3536641,I did not graduate from a high school in NY,Outside NY,Prior to 2018,Fourth,Upperclassmen,School of Business,Accounting,School of Business,NA,NA,Finance,School of Business,NA,NA,0,NA,0,NA,15,Yes,0,0,Yes,1,Yes,0,0,1,1,0,1,0,1,1,1,0,More_than_1,1,1,0,1,1
288,5,1,-0.70152824,1.1044519,3,0.4029237,Ontario County,Rochester,2023,Second,Underclassmen,School of Business,Finance,School of Business,NA,NA,Economics,School of Business,NA,NA,0,NA,0,NA,15,Parents,1,0,No,0,On_Campus,0,0,0,1,0,0,0,0,0,1,0,1,1,1,1,1,1
289,2,0,-0.6801513,-0.8676654,1,-1.5478167,Ontario County,Rochester,2023,NA,NA,Non-STEM,Sociomedical Sciences,Sociomedical Sciences,NA,NA,NA,NA,NA,NA,0,NA,0,NA,15,Parents,1,0,No,0,On_Campus,0,NA,0,0,0,0,0,0,0,0,NA,0,0,1,0,0,0
290,2,0,1.27058911,-0.8676654,3,0.4029237,Ulster County,NA,2022,Second,Underclassmen,Non-STEM,Sociology,Sociology,NA,NA,Environmental Studies,INTD,NA,NA,0,NA,0,NA,16,Yes,0,0,Yes,1,On_Campus,0,0,0,0,0,0,0,0,0,0,1,1,1,0,0,1,0
291,6,1,-0.38353048,1.7618244,4,1.3782939,Suffolk County,Nassau-Suffolk,2023,First,Underclassmen,School of Business,Accounting,School of Business,NA,NA,NA,NA,NA,NA,0,NA,0,NA,17,Parents,1,0,Yes,1,On_Campus,0,0,0,1,0,0,1,0,0,1,1,More_than_1,1,1,1,1,1
292,4,1,-0.04415579,0.4470795,3,0.4029237,Livingston County,Rochester,2021,Fourth,Upperclassmen,School of Business,Data Analytics,School of Business,NA,NA,NA,NA,NA,NA,1,NA,0,NA,15,Yes,1,0,Yes,1,No,0,0,1,0,0,0,0,0,0,1,1,0,1,1,1,1,0
293,6,1,-0.38353048,1.7618244,4,1.3782939,Saint Lawrence County,Non-MSA,2021,Second,Underclassmen,School of Business,Accounting,School of Business,NA,NA,NA,NA,NA,NA,0,NA,0,NA,15,Parents,0,0,No,0,No,0,0,0,0,0,0,0,0,0,0,1,More_than_1,1,1,1,1,1
294,3,0,-1.33752375,-0.2102929,1,-1.5478167,Suffolk County,Nassau-Suffolk,2020,Fourth,Upperclassmen,Education,Spanish,Global Languages and Cultures,Adolescence Education: Spanish,Education,NA,NA,NA,NA,0,NA,0,NA,15,No,1,0,No,0,No,0,0,0,0,0,0,0,0,0,0,0,0,0,0,1,1,1
295,3,0,0.61321666,-0.2102929,3,0.4029237,Nassau County,Nassau-Suffolk,2020,Fourth,Upperclassmen,School of Business,Business Administration,School of Business,NA,NA,Accounting,School of Business,Human Resource Management,INTD,0,NA,0,NA,15,Parents,1,0,Parents,0,Yes,0,0,1,0,0,0,0,0,0,1,0,1,1,1,1,0,0
296,4,1,-1.01952599,0.4470795,2,-0.5724465,Saratoga County,Albany-Schenectady-Troy,2023,First,Underclassmen,STEM,Biology,Biology,NA,NA,NA,NA,NA,NA,0,NA,0,NA,16,No,1,0,Yes,0,On_Campus,0,0,0,0,0,0,0,0,0,0,0,0,1,1,0,1,1
297,3,0,-0.36215354,-0.2102929,2,-0.5724465,Monroe County,Rochester,2020,Fourth,Upperclassmen,Non-STEM,Sociomedical Sciences,Sociomedical Sciences,NA,NA,Human Development,INTD,NA,NA,1,NA,0,NA,15,Parents,1,0,No,0,Yes,0,1,0,0,0,0,0,0,0,0,1,0,0,1,0,1,1
298,1,0,0.95259136,-1.5250378,2,-0.5724465,Dutchess County,Dutchess-Putnam,2022,Second,Underclassmen,Education,Childhood Education/Special Education,Education,NA,NA,Urban Studies,INTD,NA,NA,0,NA,0,NA,16,Parents,1,0,No,0,No,0,0,0,0,0,0,0,0,0,0,0,0,0,1,0,0,0
299,4,1,-1.01952599,0.4470795,2,-0.5724465,Schenectady County,Albany-Schenectady-Troy,2020,Fourth,Upperclassmen,Non-STEM,Communication,Communication,NA,NA,NA,NA,NA,NA,0,NA,0,NA,16,Parents,1,0,Parents,0,No,0,0,0,0,0,0,0,0,0,0,0,0,0,1,0,1,1
300,4,1,-1.01952599,0.4470795,2,-0.5724465,Monroe County,Rochester,2018,Fourth,Upperclassmen,STEM,Chemistry,Chemistry,NA,NA,NA,NA,NA,NA,1,NA,0,NA,16,No,1,0,Yes,1,No,0,0,0,0,0,0,0,0,0,0,0,0,1,1,0,1,1
301,4,1,0.93121441,0.4470795,4,1.3782939,Monroe County,Rochester,2023,Grad,Graduates,Education,History,History,Adolescence Education: Social Studies,Education,Business Studies,School of Business,NA,NA,0,NA,0,Adolescence Education 7-12,16,No,0,0,Yes,1,On_Campus,0,0,1,1,1,0,1,0,0,1,1,1,1,1,0,1,1
302,3,0,-0.36215354,-0.2102929,2,-0.5724465,Nassau County,Nassau-Suffolk,2020,Fourth,Upperclassmen,STEM,Mathematics,Mathematics,Adolescence Education: Mathematics,Education,NA,NA,NA,NA,0,NA,0,NA,16,Parents,1,0,Yes,1,No,0,0,0,0,0,0,0,0,0,0,0,0,0,1,0,1,1
303,4,1,-0.04415579,0.4470795,3,0.4029237,Erie County,Buffalo-Niagara Falls,2020,Fourth,Upperclassmen,Non-STEM,NA,NA,NA,NA,NA,NA,NA,NA,0,NA,0,NA,15,Yes,1,0,No,0,Yes,0,0,0,1,0,1,0,1,0,1,0,0,1,1,0,1,1
304,1,0,0.95259136,-1.5250378,2,-0.5724465,Albany County,Albany-Schenectady-Troy,2021,Third,Upperclassmen,Non-STEM,Psychology,Psychology,NA,NA,Human Development,INTD,NA,NA,0,NA,0,NA,16,No,1,0,Yes,1,No,0,0,0,0,1,0,1,0,0,1,0,0,1,0,0,0,0
305,1,0,-0.02277885,-1.5250378,1,-1.5478167,Dutchess County,Dutchess-Putnam,2021,Third,Upperclassmen,Education,Childhood Education/Special Education,Education,NA,NA,Environmental Studies,INTD,NA,NA,0,NA,0,NA,17,Parents,1,0,Yes,0,No,0,0,0,0,0,0,0,0,0,0,0,0,0,0,0,1,0
306,3,0,-0.36215354,-0.2102929,2,-0.5724465,Suffolk County,Nassau-Suffolk,2020,Fourth,Upperclassmen,Non-STEM,Political Science,Political Science and International Relations,NA,NA,NA,NA,NA,NA,1,NA,0,NA,15,Yes,0,0,Yes,1,Yes,0,1,0,0,0,0,0,0,0,0,0,0,0,1,0,1,0
307,3,0,1.58858686,-0.2102929,4,1.3782939,Suffolk County,Nassau-Suffolk,2020,Fourth,Upperclassmen,School of Business,Accounting,School of Business,NA,NA,Finance,School of Business,NA,NA,0,NA,0,NA,15,Parents,0,0,Yes,1,No,0,0,1,1,0,1,1,0,0,1,1,More_than_1,0,1,0,1,1
308,3,0,-0.36215354,-0.2102929,2,-0.5724465,I did not graduate from a high school in NY,Outside NY,2022,Second,Underclassmen,STEM,Sustainability Studies,Geography and Sustainability Studies,NA,NA,NA,NA,NA,NA,0,NA,0,NA,15,Parents,1,0,No,0,On_Campus,0,0,0,0,0,0,0,0,0,0,0,0,1,1,0,0,1
309,1,0,0.95259136,-1.5250378,2,-0.5724465,Erie County,Buffalo-Niagara Falls,2020,Fourth,Upperclassmen,STEM,Biology,Biology,NA,NA,Human Development,INTD,NA,NA,0,Pre-Medicine,1,NA,15,Parents,0,0,Yes,0,Yes,1,0,0,1,1,1,1,0,0,1,0,0,1,0,0,0,0
310,4,1,-0.04415579,0.4470795,3,0.4029237,Monroe County,Rochester,2020,Fourth,Upperclassmen,STEM,Biology,Biology,NA,NA,Sustainability,INTD,NA,NA,0,NA,0,NA,16,Parents,1,0,Yes,1,No,0,0,0,0,0,0,0,0,0,0,0,0,1,1,0,1,1
311,0,0,1.60996381,-2.1824103,2,-0.5724465,Monroe County,Rochester,2023,First,Underclassmen,STEM,Biology,Biology,NA,NA,Human Development,INTD,NA,NA,0,Pre-Medicine,1,NA,16,No,0,0,No,0,On_Campus,0,0,0,0,0,0,0,0,0,0,0,0,0,0,0,0,0
312,1,0,-0.02277885,-1.5250378,1,-1.5478167,Bronx County,New York City Metropolitan Area,2023,First,Underclassmen,Non-STEM,Psychology,Psychology,NA,NA,no minor,NA,NA,NA,0,Pre-Medicine,1,NA,16,No,0,0,Yes,1,On_Campus,0,0,0,0,0,0,0,0,0,0,0,0,0,0,0,0,1
313,3,0,-0.36215354,-0.2102929,2,-0.5724465,Monroe County,Rochester,2023,First,Underclassmen,Non-STEM,undeclared,Undecided,NA,NA,NA,NA,NA,NA,0,NA,0,NA,16,No,1,0,No,0,No,0,0,1,0,0,0,0,0,0,1,1,0,1,1,0,0,0
314,2,0,0.29521891,-0.8676654,2,-0.5724465,Kings County (Brooklyn),New York City Metropolitan Area,2023,First,Underclassmen,School of Business,Business Administration,School of Business,NA,NA,NA,NA,NA,NA,0,NA,0,NA,17,No,0,0,No,0,No,0,0,0,0,0,0,0,0,0,0,0,0,0,1,0,0,1
315,3,0,-0.36215354,-0.2102929,2,-0.5724465,Monroe County,Rochester,2023,Grad,Graduates,STEM,Mathematics,Mathematics,Adolescence Education: Mathematics,Education,NA,NA,NA,NA,0,NA,0,Adolescence Education 7-12,16,No,1,0,No,0,On_Campus,0,0,0,1,0,0,0,0,0,1,1,0,1,1,0,1,0
316,4,1,-1.01952599,0.4470795,2,-0.5724465,I did not graduate from a high school in NY,Outside NY,2023,First,Underclassmen,STEM,Biology,Biology,NA,NA,NA,NA,NA,NA,0,NA,0,NA,16,No,1,0,Parents,0,On_Campus,0,0,0,0,0,0,0,0,0,0,1,0,1,0,1,1,1
317,3,0,0.61321666,-0.2102929,3,0.4029237,Erie County,Buffalo-Niagara Falls,2020,Fourth,Upperclassmen,Non-STEM,Anthropology,Anthropology,French,Global Languages and Cultures,Linguistics,INTD,NA,NA,0,NA,0,NA,17,Parents,0,0,Yes,1,No,0,0,1,0,0,0,0,0,0,1,1,0,0,0,1,1,1
318,2,0,0.29521891,-0.8676654,2,-0.5724465,Albany County,Albany-Schenectady-Troy,2023,First,Underclassmen,Non-STEM,Anthropology,Anthropology,NA,NA,NA,NA,NA,NA,0,NA,0,NA,15,No,1,0,No,0,On_Campus,0,0,0,0,0,0,0,0,0,0,0,0,1,0,0,0,1
319,4,1,-1.01952599,0.4470795,2,-0.5724465,Westchester County,Orange-Rockland-Westchester,2019,Fourth,Upperclassmen,Non-STEM,Communication,Communication,NA,NA,Business Studies,School of Business,NA,NA,0,NA,0,NA,17,Parents,1,0,Yes,1,Yes,0,0,0,0,0,0,0,0,0,NA,0,1,1,1,0,1,1
320,5,1,0.27384197,1.1044519,4,1.3782939,I did not graduate from a high school in NY,Outside NY,Prior to 2018,Grad,Graduates,School of Business,Accounting,School of Business,NA,NA,NA,NA,NA,NA,0,NA,0,MS in Accounting,15,Yes,0,0,Yes,1,Yes,0,1,0,0,0,0,0,0,0,0,0,1,1,0,1,1,1
321,2,0,3.22132952,-0.8676654,5,2.3536641,Nassau County,Nassau-Suffolk,2021,Third,Upperclassmen,School of Business,Business Administration,School of Business,NA,NA,Accounting,School of Business,NA,NA,0,NA,0,NA,15,Parents,1,0,Yes,1,Yes,0,1,0,0,0,0,0,0,0,0,0,More_than_1,0,1,0,0,1
322,4,1,-1.9948962,0.4470795,1,-1.5478167,Wayne County,Rochester,2021,Fourth,Upperclassmen,STEM,Biology,Biology,NA,NA,Human Development,INTD,NA,NA,0,Pre-Medicine,1,NA,16,Parents,1,0,Yes,1,Yes,0,0,0,0,0,0,0,0,0,0,0,0,1,1,0,1,1
323,3,0,0.61321666,-0.2102929,3,0.4029237,Monroe County,Rochester,2023,Second,Underclassmen,School of Business,Accounting,School of Business,NA,NA,Spanish,Global Languages and Cultures,NA,NA,0,NA,0,NA,17,Parents,1,0,Yes,1,On_Campus,0,0,0,0,0,0,0,0,0,0,1,0,0,1,0,1,1
324,3,0,-1.33752375,-0.2102929,1,-1.5478167,Suffolk County,Nassau-Suffolk,2020,Fourth,Upperclassmen,STEM,Mathematics,Mathematics,Adolescence Education: Mathematics,Education,NA,NA,NA,NA,0,NA,0,NA,15,Parents,1,0,Yes,1,Yes,0,0,0,0,0,0,0,0,0,0,1,0,1,1,0,0,1
325,4,1,-0.04415579,0.4470795,3,0.4029237,Oneida County,Utica-Rome,2023,Second,Underclassmen,Non-STEM,Sociomedical Sciences,Sociomedical Sciences,NA,NA,NA,NA,NA,NA,0,Pre-Medicine,1,NA,16,Parents,1,0,No,0,On_Campus,0,0,1,0,0,0,0,0,0,1,0,0,0,1,1,1,1
326,2,0,1.27058911,-0.8676654,3,0.4029237,Schuyler County,Non-MSA,2020,Fourth,Upperclassmen,STEM,Biology,Biology,NA,NA,Human Development,INTD,NA,NA,0,Pre-Veterinary Medicine,1,NA,15,Parents,0,0,Yes,1,On_Campus,0,1,1,0,0,0,0,0,0,1,1,0,1,1,0,0,0
327,4,1,-0.04415579,0.4470795,3,0.4029237,Niagara County,Buffalo-Niagara Falls,2023,First,Underclassmen,Education,Childhood Education/Special Education,Education,NA,NA,math,Mathematics,NA,NA,0,NA,0,NA,17,Parents,1,0,No,0,On_Campus,0,0,1,0,0,0,0,0,0,1,0,0,1,1,1,0,1
328,1,0,-0.02277885,-1.5250378,1,-1.5478167,Ontario County,Rochester,2023,First,Underclassmen,School of Business,Business Administration,School of Business,NA,NA,Entrepreneurship,INTD,NA,NA,0,NA,0,NA,17,No,0,0,Yes,1,No,0,0,0,0,0,0,0,0,0,0,0,0,0,0,0,1,0
329,3,0,-1.33752375,-0.2102929,1,-1.5478167,Nassau County,Nassau-Suffolk,2020,Fourth,Upperclassmen,STEM,Biology,Biology,NA,NA,Sociomedical Sciences,INTD,NA,NA,0,Pre-Medicine,1,NA,15,Parents,0,0,No,0,Yes,0,0,0,0,0,0,0,0,0,0,0,0,1,0,0,1,1
330,3,0,-0.36215354,-0.2102929,2,-0.5724465,Schenectady County,Albany-Schenectady-Troy,2021,Grad,Graduates,STEM,Geological Sciences,Geology,Adolescence Education: Earth Science and General Science,Education,NA,NA,NA,NA,0,NA,0,Adolescence Education 7-12,16,Parents,1,0,No,0,No,0,0,0,0,0,0,0,0,0,0,0,0,0,1,0,1,1
331,1,0,2.90333176,-1.5250378,4,1.3782939,Erie County,Buffalo-Niagara Falls,2023,First,Underclassmen,Non-STEM,Sociomedical Sciences,Sociomedical Sciences,NA,NA,NA,NA,NA,NA,0,NA,0,NA,15,Yes,1,0,No,0,No,0,1,0,1,0,0,0,0,0,1,1,0,0,1,0,0,0
332,0,0,2.58533401,-2.1824103,3,0.4029237,New York County (Manhattan),New York City Metropolitan Area,2021,Third,Upperclassmen,Education,Early Childhood/Childhood Education,Education,NA,NA,History,History,NA,NA,0,NA,0,NA,16,Yes,0,0,Yes,1,On_Campus,0,0,0,0,0,0,0,0,0,0,0,0,0,0,0,0,0
333,3,0,2.56395707,-0.2102929,5,2.3536641,Monroe County,Rochester,2022,Fourth,Upperclassmen,Education,Childhood Education/Special Education,Education,NA,NA,Music Business,INTD,Recording,INTD,1,NA,0,NA,15,Yes,0,0,No,0,Yes,0,1,1,0,0,0,0,0,0,1,1,0,1,0,0,1,1
334,2,0,0.29521891,-0.8676654,2,-0.5724465,Westchester County,Orange-Rockland-Westchester,2022,Second,Underclassmen,Non-STEM,English,English,NA,NA,NA,NA,NA,NA,0,NA,0,NA,15,No,0,0,Parents,0,On_Campus,0,0,0,0,0,0,0,0,0,0,0,0,1,1,0,0,0
335,3,0,1.58858686,-0.2102929,4,1.3782939,Saint Lawrence County,Non-MSA,2023,First,Underclassmen,STEM,Biology,Biology,NA,NA,None,NA,NA,NA,0,NA,0,NA,15,Parents,1,0,Yes,1,On_Campus,0,0,0,1,0,0,1,0,0,1,1,0,0,1,0,1,1
336,6,1,-0.38353048,1.7618244,4,1.3782939,Erie County,Buffalo-Niagara Falls,2020,Fourth,Upperclassmen,School of Business,Accounting,School of Business,NA,NA,Marketing,School of Business,NA,NA,0,NA,0,NA,16,Yes,0,0,Yes,1,Yes,0,0,1,0,0,0,0,0,0,1,1,More_than_1,1,1,1,1,1
337,3,0,1.58858686,-0.2102929,4,1.3782939,Suffolk County,Nassau-Suffolk,2022,Fourth,Upperclassmen,Education,History,History,Adolescence Education: Social Studies,Education,Edgar Fellows (College Honors),INTD,Linguistics,INTD,0,NA,0,NA,16,No,1,0,No,0,On_Campus,0,0,0,0,1,0,0,0,0,1,1,0,1,0,1,0,1
338,4,1,-0.04415579,0.4470795,3,0.4029237,Monroe County,Rochester,2020,Third,Upperclassmen,STEM,Biology,Biology,NA,NA,NA,NA,NA,NA,1,NA,0,NA,18,No,1,0,Yes,1,On_Campus,0,NA,0,0,1,0,0,0,0,1,0,0,0,1,0,1,1
339,2,0,0.29521891,-0.8676654,2,-0.5724465,Erie County,Buffalo-Niagara Falls,2020,Fourth,Upperclassmen,Non-STEM,Psychology,Psychology,NA,NA,Human Development,INTD,NA,NA,0,NA,0,NA,15,Parents,0,0,Yes,1,No,0,0,0,0,0,0,0,0,0,0,1,0,1,1,0,0,0
340,3,0,-0.36215354,-0.2102929,2,-0.5724465,Livingston County,Rochester,2023,Second,Underclassmen,Education,Early Childhood/Childhood Education,Education,NA,NA,Human Development,INTD,NA,NA,0,NA,0,NA,15,Parents,1,0,Yes,1,On_Campus,0,0,0,0,0,0,0,0,0,0,1,0,0,0,1,1,1
341,4,1,0.93121441,0.4470795,4,1.3782939,Suffolk County,Nassau-Suffolk,2021,Fourth,Upperclassmen,School of Business,Finance,School of Business,NA,NA,NA,NA,NA,NA,0,NA,0,NA,15,Parents,1,0,Yes,1,No,0,0,0,1,0,1,1,0,0,1,0,1,1,1,1,0,1
342,6,1,-2.33427089,1.7618244,2,-0.5724465,Monroe County,Rochester,Prior to 2018,Grad,Graduates,School of Business,Accounting,School of Business,NA,NA,NA,NA,NA,NA,1,NA,0,MS in Accounting,15,Yes,0,0,Yes,1,Yes,0,1,0,0,0,0,0,0,0,0,0,1,1,1,1,1,1
343,4,1,-0.04415579,0.4470795,3,0.4029237,Chemung County,Elmira,2021,Second,Underclassmen,School of Business,Business Administration,School of Business,NA,NA,NA,NA,NA,NA,0,NA,0,NA,17,Yes,0,0,No,1,On_Campus,0,0,0,0,0,0,0,0,0,0,0,0,1,1,0,1,1
344,4,1,-0.04415579,0.4470795,3,0.4029237,I did not graduate from a high school in NY,Outside NY,2020,Second,Underclassmen,School of Business,Accounting,School of Business,NA,NA,NA,NA,NA,NA,0,NA,0,NA,NA,Parents,0,0,No,0,On_Campus,0,0,0,0,0,0,0,0,0,0,1,0,1,1,0,1,1
345,3,0,0.61321666,-0.2102929,3,0.4029237,Steuben County,Non-MSA,2021,Third,Upperclassmen,School of Business,Accounting,School of Business,NA,NA,NA,NA,NA,NA,1,NA,0,NA,18,Yes,0,0,No,0,No,0,0,0,0,0,0,0,0,0,0,1,0,1,1,0,0,1
346,4,1,-1.01952599,0.4470795,2,-0.5724465,Monroe County,Rochester,2022,Grad,Graduates,School of Business,Accounting,School of Business,NA,NA,NA,NA,NA,NA,0,NA,0,MS in Accounting,17,No,0,0,No,0,No,0,0,0,0,0,0,0,0,0,0,1,0,1,1,0,1,1
347,2,0,1.27058911,-0.8676654,3,0.4029237,Onondaga County,Syracuse,2022,Second,Underclassmen,School of Business,Business Administration,School of Business,NA,NA,NA,NA,NA,NA,1,NA,0,NA,16,Parents,1,0,Yes,1,No,0,0,0,0,0,0,0,0,0,0,0,0,1,1,0,0,0
348,5,1,0.27384197,1.1044519,4,1.3782939,Monroe County,Rochester,2022,Second,Underclassmen,School of Business,Data Analytics,School of Business,NA,NA,NA,NA,NA,NA,1,NA,0,NA,16,Yes,0,0,Yes,1,Yes,0,1,1,1,0,1,0,0,0,1,1,0,1,1,1,0,1
349,4,1,-1.01952599,0.4470795,2,-0.5724465,Erie County,Buffalo-Niagara Falls,2023,First,Underclassmen,School of Business,Accounting,School of Business,NA,NA,NA,NA,NA,NA,0,NA,0,NA,16,Parents,1,0,Parents,0,On_Campus,0,0,0,0,0,0,0,0,0,0,1,More_than_1,1,1,0,0,1
350,4,1,-1.01952599,0.4470795,2,-0.5724465,Orange County,Orange-Rockland-Westchester,2023,First,Underclassmen,School of Business,Accounting,School of Business,NA,NA,NA,NA,NA,NA,0,NA,0,NA,16,Parents,1,0,No,0,On_Campus,0,0,0,0,0,0,0,0,0,0,0,0,0,1,1,1,1
351,4,1,0.93121441,0.4470795,4,1.3782939,Onondaga County,Syracuse,2023,Second,Underclassmen,School of Business,Accounting,School of Business,NA,NA,NA,NA,NA,NA,0,NA,0,NA,15,Parents,0,0,Yes,0,On_Campus,0,1,0,1,0,1,1,0,0,1,1,0,1,1,0,1,1
352,5,1,0.27384197,1.1044519,4,1.3782939,Erie County,Buffalo-Niagara Falls,2022,Second,Underclassmen,School of Business,Finance,School of Business,NA,NA,NA,NA,NA,NA,1,NA,0,NA,16,Parents,1,0,Yes,1,No,0,0,1,1,0,1,0,0,0,1,1,1,1,1,1,1,1
353,4,1,-0.04415579,0.4470795,3,0.4029237,Tompkins County,Ithaca,2023,Second,Underclassmen,School of Business,Business Administration,School of Business,NA,NA,none,NA,NA,NA,0,NA,0,NA,15,No,1,0,No,0,On_Campus,0,0,0,0,0,0,0,0,0,0,1,0,1,1,1,1,0
354,3,0,-0.36215354,-0.2102929,2,-0.5724465,Erie County,Buffalo-Niagara Falls,2023,First,Underclassmen,School of Business,Business Administration,School of Business,NA,NA,NA,NA,NA,NA,0,NA,0,NA,15,Parents,0,0,No,0,No,0,0,0,0,0,0,0,0,0,0,0,0,0,1,0,1,1
355,5,1,0.27384197,1.1044519,4,1.3782939,Monroe County,Rochester,2023,Second,Underclassmen,School of Business,Finance,School of Business,NA,NA,NA,NA,NA,NA,0,NA,0,NA,15,Parents,1,0,Yes,1,No,0,0,1,0,0,1,0,0,0,1,1,More_than_1,1,1,1,1,1
356,4,1,-0.04415579,0.4470795,3,0.4029237,Suffolk County,Nassau-Suffolk,2023,First,Underclassmen,School of Business,Finance,School of Business,NA,NA,NA,NA,NA,NA,0,NA,0,NA,17,No,1,0,No,0,No,0,0,0,0,0,0,0,0,0,0,0,0,1,1,0,1,1
357,4,1,-1.01952599,0.4470795,2,-0.5724465,Ontario County,Rochester,2023,First,Underclassmen,School of Business,Business Administration,School of Business,NA,NA,NA,NA,NA,NA,0,NA,0,NA,15,Parents,1,0,No,0,No,0,0,0,0,0,0,0,0,0,0,0,0,1,1,0,1,1
358,5,1,-0.70152824,1.1044519,3,0.4029237,Erie County,Buffalo-Niagara Falls,2023,First,Underclassmen,School of Business,Accounting,School of Business,NA,NA,NA,NA,NA,NA,0,NA,0,NA,15,Parents,0,0,No,0,On_Campus,0,0,0,0,0,0,0,0,0,0,1,0,1,1,1,1,1
359,5,1,-0.70152824,1.1044519,3,0.4029237,Erie County,Buffalo-Niagara Falls,2023,First,Underclassmen,School of Business,Data Analytics,School of Business,Sociology,Sociology,NA,NA,NA,NA,0,NA,0,NA,16,Parents,1,0,Parents,0,On_Campus,0,0,0,0,0,0,0,0,0,0,1,0,1,1,1,1,1
360,2,0,2.24595931,-0.8676654,4,1.3782939,Suffolk County,Nassau-Suffolk,2020,Fourth,Upperclassmen,School of Business,Finance,School of Business,NA,NA,NA,NA,NA,NA,0,NA,0,NA,15,No,1,0,Yes,1,No,0,0,0,1,0,0,0,0,0,1,1,More_than_1,0,0,0,1,1
361,4,1,-1.01952599,0.4470795,2,-0.5724465,Schuyler County,Non-MSA,2023,First,Underclassmen,School of Business,Business Administration,School of Business,NA,NA,NA,NA,NA,NA,0,NA,0,NA,16,Parents,0,0,No,0,On_Campus,0,0,0,0,0,0,0,0,0,0,1,0,1,1,0,1,1
362,4,1,-0.04415579,0.4470795,3,0.4029237,Cayuga County,Non-MSA,2023,Second,Underclassmen,School of Business,Business Administration,School of Business,NA,NA,NA,NA,NA,NA,0,NA,0,NA,16,No,0,0,Yes,1,No,0,0,1,1,0,1,1,1,1,1,0,0,1,1,0,0,1
363,4,1,-0.04415579,0.4470795,3,0.4029237,Nassau County,Nassau-Suffolk,2020,Fourth,Upperclassmen,School of Business,Finance,School of Business,NA,NA,NA,NA,NA,NA,0,NA,0,NA,15,Parents,0,0,No,0,Yes,0,0,0,0,0,0,0,0,0,0,0,More_than_1,1,1,0,1,1
364,5,1,0.27384197,1.1044519,4,1.3782939,Cayuga County,Non-MSA,2023,Second,Underclassmen,School of Business,Business Administration,School of Business,NA,NA,NA,NA,NA,NA,0,NA,0,NA,15,No,0,0,Yes,1,On_Campus,0,0,1,1,0,1,1,0,0,1,0,0,1,1,0,1,1
365,4,1,-1.01952599,0.4470795,2,-0.5724465,Madison County,Syracuse,2022,Second,Underclassmen,School of Business,Business Administration,School of Business,NA,NA,NA,NA,NA,NA,0,NA,0,NA,15,Parents,0,0,No,0,On_Campus,0,0,0,0,0,0,0,0,0,0,0,0,1,1,0,1,1
366,2,0,0.29521891,-0.8676654,2,-0.5724465,Suffolk County,Nassau-Suffolk,2022,Second,Underclassmen,School of Business,Marketing,School of Business,NA,NA,Marketing,School of Business,NA,NA,0,NA,0,NA,15,Parents,0,0,Yes,0,No,0,0,0,0,0,0,0,0,0,0,1,1,0,1,0,0,1
367,3,0,-1.33752375,-0.2102929,1,-1.5478167,Niagara County,Buffalo-Niagara Falls,2023,First,Underclassmen,School of Business,Business Administration,School of Business,NA,NA,NA,NA,NA,NA,0,NA,0,NA,15,Parents,1,0,No,0,No,0,0,0,0,0,0,0,0,0,0,0,0,1,0,0,1,1
368,1,0,0.95259136,-1.5250378,2,-0.5724465,Monroe County,Rochester,2023,First,Underclassmen,STEM,Neuroscience,Neuroscience,NA,NA,NA,NA,NA,NA,0,NA,0,NA,17,No,NA,0,No,0,On_Campus,0,0,0,0,0,0,0,0,0,0,1,0,0,0,0,0,1
369,2,0,-0.6801513,-0.8676654,1,-1.5478167,Erie County,Buffalo-Niagara Falls,2023,First,Underclassmen,Non-STEM,Music,Music,NA,NA,NA,NA,NA,NA,0,NA,0,NA,NA,No,1,0,No,0,No,0,0,0,0,0,0,0,0,0,0,1,0,0,1,0,1,0
370,2,0,0.29521891,-0.8676654,2,-0.5724465,Onondaga County,Syracuse,2021,Third,Upperclassmen,Non-STEM,Communication,Communication,NA,NA,NA,NA,NA,NA,1,NA,0,NA,18,No,0,0,No,0,On_Campus,0,1,0,0,0,0,0,0,0,1,1,More_than_1,0,1,0,0,1
371,4,1,-1.01952599,0.4470795,2,-0.5724465,Oneida County,Utica-Rome,2022,Third,Upperclassmen,STEM,Biology,Biology,NA,NA,NA,NA,NA,NA,0,NA,0,NA,17,Parents,1,0,Yes,0,On_Campus,0,0,0,0,0,0,0,0,0,0,0,0,0,1,0,1,1
372,3,0,-0.36215354,-0.2102929,2,-0.5724465,Monroe County,Rochester,2020,Fourth,Upperclassmen,Education,History,History,Adolescence Education: Social Studies,Education,NA,NA,NA,NA,0,NA,0,NA,17,Yes,0,0,Yes,1,Yes,0,NA,0,0,0,0,0,0,0,0,0,0,0,1,1,0,1
373,4,1,0.93121441,0.4470795,4,1.3782939,Nassau County,Nassau-Suffolk,2020,Fourth,Upperclassmen,School of Business,Business Administration,School of Business,NA,NA,Finance,School of Business,NA,NA,0,NA,0,NA,15,Parents,1,0,Yes,1,Yes,0,0,1,1,1,1,0,0,0,1,0,More_than_1,1,0,1,1,1
374,3,0,-1.33752375,-0.2102929,1,-1.5478167,Chautauqua County,Non-MSA,2022,Third,Upperclassmen,Non-STEM,Psychology,Psychology,NA,NA,NA,NA,NA,NA,0,NA,0,NA,15,Parents,1,0,No,0,On_Campus,0,0,0,0,0,0,0,0,0,0,0,0,1,1,0,0,1
375,1,0,-0.02277885,-1.5250378,1,-1.5478167,Onondaga County,Syracuse,2022,Second,Underclassmen,Education,Early Childhood/Childhood Education,Education,NA,NA,Mathematics,Mathematics,NA,NA,0,NA,0,NA,16,No,1,0,No,0,On_Campus,0,0,0,0,0,0,0,0,0,0,0,0,0,0,0,0,1
376,4,1,0.93121441,0.4470795,4,1.3782939,Chemung County,Elmira,2020,Fourth,Upperclassmen,School of Business,Business Administration,School of Business,NA,NA,NA,NA,NA,NA,0,NA,0,NA,18,No,0,0,Yes,1,Yes,0,0,0,1,0,0,0,0,0,1,0,More_than_1,1,1,0,1,1
377,3,0,0.61321666,-0.2102929,3,0.4029237,Orange County,Orange-Rockland-Westchester,2022,Second,Underclassmen,Non-STEM,Sociology,Sociology,NA,NA,Linguistics,INTD,NA,NA,0,NA,0,NA,15,No,1,0,Yes,1,No,0,0,1,1,0,0,0,0,0,1,1,0,1,1,0,0,1
378,3,0,-0.36215354,-0.2102929,2,-0.5724465,Steuben County,Non-MSA,2020,Fourth,Upperclassmen,Non-STEM,Communication,Communication,NA,NA,Human Resource Management,INTD,NA,NA,0,NA,0,NA,17,No,1,0,Yes,1,Yes,0,0,0,0,0,0,0,0,0,0,0,0,1,1,0,0,1
379,0,0,3.56070421,-2.1824103,4,1.3782939,Suffolk County,Nassau-Suffolk,2021,Third,Upperclassmen,STEM,Sustainability Studies,Geography and Sustainability Studies,NA,NA,Business Studies,School of Business,Entrepreneurship,INTD,0,Pre-Law,1,NA,15,Parents,0,0,Yes,1,Yes,0,0,0,0,0,0,0,0,1,1,0,0,0,0,0,0,0
